stn,name,lat,lon
42,군산오식도,35.93681,126.59737
43,솔라시도,34.71083,126.41163
44,삼호,34.74476,126.4122
45,하이,34.91889,128.11806
90,속초,38.25085,128.56473
92,양양(공),38.05903,128.66298
93,북춘천,37.94738,127.75443
95,철원,38.14787,127.3042
96,독도,37.23952,131.86983
98,동두천,37.90188,127.0607
99,파주,37.88589,126.76648
100,대관령,37.67713,128.71834
101,춘천,37.90262,127.7357
102,백령도,37.97396,124.71237
104,북강릉,37.80456,128.85535
105,강릉,37.75147,128.89099
106,동해,37.50709,129.12433
108,서울,37.57142,126.9658
110,김포(공),37.55891,126.79451
112,인천,37.47772,126.6249
113,인천(공),37.4625,126.44087
114,원주,37.33749,127.94659
115,울릉도,37.48129,130.89863
116,관악(레) *,37.44526,126.96402
119,수원,37.25746,126.983
121,영월,37.18126,128.45743
127,충주,36.97045,127.9525
128,청주(공),36.71667,127.5
129,서산,36.77658,126.4939
130,울진,36.99176,129.41278
131,청주,36.63924,127.44066
133,대전,36.37199,127.3721
135,추풍령,36.22025,127.99458
136,안동,36.57293,128.70733
137,상주,36.40837,128.15741
138,포항,36.03201,129.38002
139,포항(공),35.9833,129.4167
140,군산,36.0053,126.76135
142,대구(공),35.89083,128.66111
143,대구,35.87797,128.65296
146,전주,35.84092,127.11718
151,울산(공),35.59333,129.35222
152,울산,35.58237,129.33469
153,김해(공),35.16917,128.93444
155,창원,35.17019,128.57282
156,광주,35.17294,126.89156
158,광주(공),35.125,126.81167
159,부산,35.10468,129.03203
160,부산(레),35.11885,128.99993
161,사천(공),35.08333,128.06667
162,통영,34.84541,128.43561
163,무안(공),34.99139,126.38306
165,목포,34.81732,126.38151
167,여수(공),34.84667,127.6125
168,여수,34.73929,127.74063
169,흑산도,34.68719,125.45105
170,완도,34.3959,126.70182
172,고창,35.34824,126.599
174,순천,35.0204,127.3694
175,진도(레),34.47211,126.3238
177,홍성,36.65759,126.68772
181,서청주,36.63994,127.38458
182,제주(공),33.51667,126.5
184,제주,33.51411,126.52969
185,고산,33.29382,126.16283
188,성산,33.38677,126.8802
189,서귀포,33.24616,126.5653
192,진주,35.16378,128.04004
201,강화,37.70739,126.44634
202,양평,37.48863,127.49446
203,이천,37.26399,127.48421
211,인제,38.05991,128.16811
212,홍천,37.6836,127.88043
216,태백,37.17038,128.98929
217,정선군,37.38071,128.67312
221,제천,37.15928,128.19433
226,보은,36.48761,127.73415
229,북격렬비도 *,36.62544,125.55954
230,덕적북리,37.2645,126.10297
232,천안,36.76217,127.29282
235,보령,36.32724,126.55744
236,부여,36.27242,126.92079
238,금산,36.10563,127.48175
239,세종,36.48522,127.24438
243,부안,35.72961,126.71657
244,임실,35.61203,127.28556
245,정읍,35.56333,126.83904
247,남원,35.4213,127.39652
248,장수,35.65696,127.52031
251,고창군,35.42346,126.69231
252,영광군,35.28366,126.47784
253,김해시,35.22981,128.89075
254,순창군,35.37131,127.1286
255,북창원,35.22655,128.6726
257,양산시,35.30737,129.02009
258,보성군,34.76335,127.21226
259,강진군,34.64457,126.78408
260,장흥,34.68886,126.91951
261,해남,34.55375,126.56907
262,고흥,34.61826,127.27572
263,의령군,35.32258,128.28812
264,함양군,35.51138,127.74538
266,광양시,34.9434,127.6914
268,진도군,34.47296,126.25846
269,안마도,35.3469,126.0305
271,봉화,36.94361,128.91449
272,영주,36.87183,128.51687
273,문경,36.62727,128.14879
276,청송군,36.4351,129.04005
277,영덕,36.53337,129.40926
278,의성,36.3561,128.68864
279,구미,36.13055,128.32055
281,영천,35.97742,128.9514
283,경주시,35.81747,129.20123
284,거창,35.66739,127.9099
285,합천,35.56505,128.16994
288,밀양,35.49147,128.74412
289,산청,35.413,127.8791
294,거제,34.88818,128.60459
295,남해,34.81662,127.92641
296,북부산,35.21778,128.96024
300,말도,35.85799,126.31507
301,임자도,35.09515,126.11642
302,장산도,34.64274,126.18264
303,가거도,34.07275,125.09741
304,신지도,34.31801,126.84849
305,여서도,33.98622,126.92009
306,소리도,34.43185,127.8011
308,옥도,34.68703,126.07303
309,판문점,37.9464,126.6866
310,궁촌,37.32471,129.26472
311,가야산,35.78915,128.08673
312,주왕산,36.39314,129.14128
313,양지암,34.88208,128.74127
314,설천봉,35.86621,127.74312
315,성삼재,35.30673,127.51079
316,무등산,35.11438,126.99743
317,구이,35.72951,127.11418
318,평창용산,37.65328,128.68208
319,천부,37.53751,130.87154
320,향로봉,38.33104,128.31375
321,원통,38.1147,128.1963
322,상서,38.20067,127.66263
323,마현,38.27268,127.52551
324,송계,36.91019,128.07446
325,백운,37.14449,128.02526
326,용문산,37.54553,127.61126
327,청주금천,36.62611,127.51278
328,상예,33.2505,126.39838
329,산천단,33.44734,126.56546
330,대흘,33.50081,126.64947
331,제주색달,33.29554,126.42053
332,등봉,37.44343,129.12207
333,동해심곡,37.58098,129.08287
334,중앙 *,38.20702,128.59194
335,강림 *,37.36023,128.12553
336,매일 *,37.56094,128.11021
337,우항 *,37.4597,128.0632
338,둔내,37.50568,128.21068
339,서원,37.48915,127.8819
340,공근,37.52823,127.98047
341,서전주,35.82891,127.05258
342,광산진곡,35.21978,126.79509
343,연천백의,38.02222,127.10972
344,칠성,36.78757,127.84728
345,학성,37.37462,127.94576
346,강릉구정,37.71199,128.89722
347,귀래,37.22755,127.85685
348,하조대,38.02572,128.71678
349,시동,37.59997,127.84308
350,조침령,37.99534,128.49556
351,남면,37.8978,126.9768
352,장흥면 *,37.71794,126.9412
355,서탄면 *,37.10823,127.03537
356,고덕면 *,37.04235,127.0178
358,현덕면 *,36.96737,126.92171
360,내촌면 *,37.78598,127.22882
361,영중면 *,38.00531,127.24488
363,북후,36.66373,128.70106
364,분당구 *,37.38276,127.11901
365,석수동 *,37.40925,126.89514
366,오전동,37.39397,127.00756
367,신현동 *,37.40617,126.78457
368,수택동 *,37.59924,127.15029
369,수리산길 *,37.36404,126.91692
370,이동어비,37.11568,127.22159
371,기흥구갈,37.28045,127.11452
372,은현면 *,37.87496,127.02463
373,양주1 *,37.77327,127.04379
374,청북 *,37.04652,126.97065
375,백석읍 *,37.79461,126.9855
376,광명노온,37.44738,126.85895
377,안양만안,37.39523,126.89194
378,정림,36.30361,127.36278
379,번암,35.54046,127.5463
400,강남,37.4982,127.08162
401,서초,37.48462,127.02601
402,강동,37.55556,127.14498
403,송파 *,37.47426,127.12538
404,강서,37.5739,126.82953
405,양천,37.52823,126.87937
406,도봉,37.66557,127.03042
407,노원,37.62186,127.09192
408,동대문,37.58463,127.06036
409,중랑,37.58551,127.08682
410,기상청,37.4933,126.91746
411,마포,37.55165,126.92915
412,서대문,37.57047,126.94078
413,광진,37.5366,127.08524
414,성북,37.61134,126.99981
415,용산,37.51955,126.97629
416,은평,37.64647,126.94273
417,금천,37.46551,126.90016
418,한강 *,37.52489,126.93904
419,중구 *,37.55236,126.98736
421,성동,37.54721,127.03885
423,구로,37.49328,126.82629
424,강북,37.63801,127.00981
425,남현,37.46347,126.98154
426,백령(레),37.96611,124.63048
427,양촌,37.66877,126.64721
428,하남덕풍,37.55124,127.21278
429,부천원미,37.50059,126.7636
430,경기 *,37.27464,127.00971
431,신곡,37.74874,127.07179
432,향남 *,37.13087,126.92063
433,부천,37.5006,126.76359
434,안양 *,37.39436,126.95685
435,고잔 *,37.33262,126.83397
436,처인역삼 *,37.23444,127.18839
437,광명 *,37.47867,126.86531
438,군포,37.36148,126.93534
439,진안 *,37.20877,127.0357
440,설봉 *,37.27839,127.44063
441,김포,37.60758,126.76244
442,지월,37.41883,127.28569
443,보개,37.03258,127.30746
444,하남,37.53794,127.21367
445,의왕,37.33753,126.96798
446,남촌,37.14031,127.06373
447,북내,37.32983,127.67685
448,산북,37.40228,127.46399
449,옥천,37.51002,127.44809
450,주교,37.5984,126.84896
451,오남 *,37.69851,127.20483
452,신북 *,37.93408,127.22638
453,소하,37.44205,126.89644
454,하봉암 *,37.97426,127.06693
455,경기가평,37.84598,127.50083
456,연천 *,38.09632,127.07564
457,춘궁 *,37.522,127.19412
458,퇴촌 *,37.4747,127.30579
459,오포 *,37.34545,127.19675
460,실촌 *,37.36887,127.40541
461,마장 *,37.24896,127.35799
462,모가 *,37.17172,127.48022
463,흥천,37.33164,127.54805
464,점동,37.20418,127.66095
465,가남,37.20354,127.54852
466,금사,37.38974,127.53435
467,양성,37.09419,127.21577
468,서운,36.95142,127.25821
469,일죽,37.14077,127.43374
470,고삼,37.08056,127.26962
471,송탄 *,37.06639,127.06491
472,포승 *,36.9845,126.85475
473,가산 *,37.84864,127.18636
474,영북 *,38.08909,127.2755
475,관인 *,38.15774,127.2512
476,화현,37.90132,127.28831
477,상패 *,37.9056,127.0441
478,왕징 *,38.05857,127.01279
479,장남 *,37.98183,126.88427
480,미산 *,38.04743,126.99289
481,탄현 *,37.80246,126.71624
482,광탄 *,37.77602,126.85131
483,진동 *,37.92526,126.78913
484,창현 *,37.64656,127.31645
485,신천 *,37.67617,127.49483
486,외서 *,37.73474,127.41448
487,대곶,37.64527,126.55229
488,송산,37.21794,126.73006
489,서신 *,37.16658,126.70881
491,군남 *,38.08521,127.01899
492,학온동 *,37.41552,126.85133
493,송악,36.73615,127.00805
494,세종고운,36.53083,127.24028
495,공도,36.98062,127.16254
496,세종금남,36.45853,127.26876
497,삽당령,37.57516,128.85147
498,구룡령,37.87925,128.51447
500,양도,37.66571,126.47015
501,대연평,37.65891,125.69819
502,교동,37.78944,126.29164
503,도라산,37.90804,126.71193
504,포천,37.87035,127.18073
505,가평조종,37.82439,127.34543
506,파주금촌,37.74823,126.77693
507,창수,38.02479,127.14358
508,왕산,37.46649,126.36093
509,관악,37.45284,126.95015
510,영등포 *,37.52706,126.90705
511,경서동,37.5675,126.6351
512,인천연수,37.39684,126.66209
513,덕적지도,37.06551,126.01427
514,대부도,37.23767,126.5787
515,운평,37.08453,126.77389
516,안성,37.00371,127.25017
517,간성,38.3851,128.47523
518,해안,38.26958,128.1211
519,사내,38.07545,127.51941
520,설악동,38.16705,128.51818
522,화촌,37.78712,127.9838
523,주문진,37.89905,128.82138
524,경포,37.78626,128.89382
525,봉평,37.62109,128.35893
526,평창,37.37748,128.39469
527,신동,37.21108,128.64126
529,원덕,37.14156,129.28585
530,태하,37.5151,130.8118
531,가평북면,37.89807,127.55219
532,의정부,37.73476,127.07349
533,백사,37.32779,127.48079
534,장호원,37.121,127.61058
535,서석,37.71701,128.18265
536,횡성,37.4876,127.97242
537,임계,37.48323,128.84589
538,신서,38.17254,127.10301
539,포천이동,38.02405,127.36815
540,고양,37.6373,126.892
541,남양주,37.63405,127.15055
542,청평,37.68414,127.38017
543,영종도,37.499,126.54958
544,전곡항,37.18565,126.6544
545,안산,37.28103,126.83848
546,경기광주,37.43529,127.2592
547,양동,37.41593,127.75488
548,여주,37.26883,127.63956
549,용인,37.27011,127.22178
550,오산,37.1693,127.05271
551,평택,36.98769,127.10879
552,김화,38.23153,127.38937
553,죽정,38.45697,128.41794
554,미시령,38.21439,128.43713
555,화천,38.08371,127.69062
556,양구,38.09799,127.98527
557,기린,37.9537,128.31388
558,팔봉,37.68614,127.70066
559,내면,37.77805,128.39728
560,진부,37.64794,128.56447
561,청일,37.58219,128.15275
563,북평,37.46356,128.6828
565,시흥,37.39154,126.77795
566,연곡,37.85155,128.81924
567,적성,37.95332,126.93176
568,일동,37.95875,127.31349
569,구리,37.58224,127.15698
570,금곡,37.6232,126.64233
571,화성,37.19525,126.82094
572,성남,37.42093,127.12476
573,청운,37.55821,127.71352
574,대신,37.3694,127.58711
575,용인이동,37.1058,127.18766
576,백암,37.12966,127.36632
577,장봉도,37.53347,126.33659
578,호도,36.3012,126.26628
579,하장,37.36684,128.9133
580,옥계,37.61345,129.02888
581,상동,37.11663,128.77441
582,신림,37.23146,128.07993
583,안흥,37.46463,128.1551
585,신남,37.95996,128.0742
586,북산,38.03209,127.87694
587,방산,38.22642,127.95329
588,남산,37.79066,127.64289
589,고양고봉,37.70236,126.79026
590,과천,37.44028,127.00249
591,치악산,37.41554,128.05047
592,부론,37.23162,127.74866
593,양양영덕,38.00731,128.54069
594,서화,38.2533,128.21
595,진부령,38.26414,128.37415
596,오색,38.07699,128.49325
597,대화,37.54548,128.44108
598,양주,37.83118,126.9905
599,광릉,37.76172,127.16977
600,금왕,36.97369,127.58973
601,단양,37.00204,128.34687
602,진천,36.86338,127.46231
603,괴산,36.81612,127.77758
604,옥천,36.29995,127.59654
605,영동,36.16,127.755
606,대산,37.01061,126.38808
607,근흥,36.67309,126.13541
609,삽시도,36.33796,126.35623
610,홍성죽도,36.52003,126.44237
611,세종연서,36.56667,127.28056
612,공주,36.48284,127.13646
614,서천,36.06248,126.70411
615,논산,36.21164,127.10815
616,당진,36.88936,126.61739
617,직산,36.89056,127.14556
618,청양,36.42371,126.77906
619,음성,36.92297,127.70241
620,엄정,37.07371,127.90353
621,수산,36.97325,128.21421
622,수안보,36.83909,128.00791
623,증평,36.7956,127.562
624,상당,36.62436,127.6571
625,속리산,36.51649,127.81557
626,옥천청산,36.35294,127.82157
627,태안,36.754,126.32952
628,예산,36.73925,126.8199
629,세종전의,36.69076,127.20047
630,노은,37.04566,127.79968
632,유구,36.54056,126.94722
633,정안,36.55114,127.09383
634,아산,36.84578,126.86536
635,양화,36.1319,126.86024
636,계룡,36.3132,127.2407
637,신평,36.87895,126.82381
638,영춘,37.07778,128.49361
639,덕산,36.90433,128.14564
640,청천,36.67111,127.86527
641,가덕,36.5461,127.52388
642,오월드,36.29129,127.39586
643,세천,36.34019,127.49378
644,연무,36.13662,127.09004
645,서부,36.57887,126.51099
646,춘장대,36.17406,126.52845
647,가곡,36.12474,127.68507
648,장동,36.41347,127.43821
649,부평,37.47223,126.75072
650,양지,38.25091,127.27141
651,외촌,38.27717,127.2057
652,연천청산,37.98998,127.07267
654,자월도,37.25404,126.30761
655,소청도,37.76024,124.72912
656,볼음도,37.6873,126.19342
657,대천항,36.32435,126.50213
658,만리포,36.7683,126.12143
659,계룡산,36.343,127.2057
660,면온,37.56197,128.37762
661,현내,38.54251,128.40191
662,승봉도,37.17064,126.29695
663,목덕도,36.92863,125.78691
664,영흥도,37.22468,126.45838
665,무의도,37.39043,126.42521
666,안도,36.95872,126.16832
667,옹도,36.6476,126.0093
669,외연도,36.2292,126.07583
670,양양,38.08874,128.62954
671,속초조양,38.1922,128.57608
672,상하,35.44236,126.48835
673,진영,35.28223,128.7175
674,사북,37.21963,128.82141
675,남이섬,37.78978,127.52769
676,위성센터,36.9906,127.42985
677,달방댐,37.51728,129.0213
678,강릉성산,37.72485,128.77862
679,강릉왕산,37.61045,128.77297
680,평화,38.21277,127.84468
681,간동,38.0512,127.79064
682,임남,38.28317,127.86251
687,석곡,35.12619,127.25286
688,봉산,35.26878,126.93914
689,광주남구,35.10082,126.89853
690,풍산,35.33624,127.13921
691,정산,36.38617,126.95652
692,백학,38.0404,126.9245
694,원효봉,36.70435,126.60936
695,광덕산,38.11619,127.43197
696,신기,37.34661,129.08614
697,서거차도,34.25058,125.91829
698,해제,35.09385,126.28509
699,무안,34.98378,126.46108
700,어청도,36.12508,125.9682
701,무주,36.00168,127.66836
702,익산,35.93807,126.99252
703,진안,35.76036,127.43743
704,변산,35.62095,126.47755
706,담양,35.31021,126.97266
707,지도,35.05796,126.20839
708,광산,35.12886,126.74524
709,구례,35.20808,127.49355
710,나주,35.02504,126.74397
711,이양,34.89711,126.9898
712,순천시,34.90351,127.51927
713,광양읍,34.97507,127.58259
714,자은도,34.87909,126.02868
716,하의도,34.63066,126.03198
717,의신,34.42749,126.30976
718,상조도,34.33303,126.03646
719,선유도,35.8088,126.3977
720,보길도,34.16215,126.55508
721,금일,34.33904,127.02825
722,조선대,35.13681,126.92875
723,거문도,34.02792,127.30898
724,추자도,33.95783,126.30157
725,우도,33.52289,126.95414
726,마라도,33.12206,126.26786
727,유수암,33.40986,126.39293
730,장성,35.2794,126.7611
731,영암,34.81666,126.68634
732,보성,34.76192,127.09209
733,함라,36.0461,126.8917
734,완주,35.98551,127.24573
735,덕유산,35.89424,127.77306
736,진봉,35.84679,126.78401
737,김제,35.80905,126.87765
738,줄포,35.57948,126.67388
739,심원,35.52254,126.54668
741,화순,35.05671,126.98515
742,운남,34.93889,126.33064
743,비금,34.77258,125.94688
744,산이,34.67254,126.43646
745,성전,34.68504,126.72554
746,땅끝,34.38184,126.5159
747,청산도,34.18292,126.85801
748,벌교,34.83694,127.3631
749,도양,34.53471,127.12715
750,백야,34.62781,127.63568
751,와산,33.47934,126.69387
752,서광,33.30456,126.30599
753,어리목,33.39304,126.4959
754,함평,35.06037,126.52732
755,백아면,35.15959,127.08534
756,위도,35.60152,126.28199
757,진안주천,35.97436,127.43596
758,동향,35.83521,127.57117
759,뱀사골,35.37162,127.57826
760,복흥,35.42739,126.9327
761,태인,35.65081,126.93462
762,임실강진,35.55169,127.18695
763,여산,36.0592,127.062
764,신덕,35.67359,127.14143
765,복내,34.89234,127.13448
766,여수산단,34.84946,127.71496
767,포두,34.58853,127.39745
768,곡성,35.28886,127.28531
769,염산,35.19932,126.38336
770,다도,34.92863,126.82001
771,안좌,34.72693,126.14463
772,수유,34.53208,126.23964
773,학산,34.7085,126.63593
774,전남도청,34.81747,126.46618
775,월야,35.17776,126.63912
776,현산,34.45996,126.5571
777,관산,34.55633,126.93462
778,유치,34.79594,126.8218
779,한림,33.39268,126.25809
780,제주남원,33.27718,126.70438
781,구좌,33.5199,126.8777
782,성판악,33.38514,126.6194
783,과기원,35.23027,126.84077
784,시종,34.87718,126.61258
785,북일,34.46383,126.6763
786,돌산,34.63811,127.77409
787,도화,34.50672,127.31716
788,풍암,35.13159,126.88132
789,압해도,34.87643,126.2929
790,나로도,34.53258,127.46735
791,피아골,35.26621,127.58376
792,표선,33.36302,126.81839
793,대정,33.24101,126.22626
794,황전,35.10066,127.42739
795,옥과,35.27532,127.13899
796,초도,34.23775,127.24476
797,하태도,34.39498,125.29953
798,홍도,34.68551,125.19236
799,낙월도,35.20198,126.13494
800,평해,36.72566,129.44368
801,영양,36.62497,129.088
802,온정,36.75743,129.34008
803,옥산,36.40637,128.79902
804,청하,36.19056,129.33921
805,죽장,36.17929,129.09434
806,선산,36.23336,128.2903
807,의흥,36.17966,128.69318
808,호미곶,36.07597,129.56673
809,대덕,35.93544,127.97919
810,성주,35.92552,128.2985
811,황성,35.86299,129.20929
812,고령,35.69603,128.28214
813,청도,35.65404,128.73183
814,부석,36.97916,128.66103
815,예천,36.65996,128.46461
816,구룡포,35.9831,129.5475
817,수비,36.78267,129.22121
818,마성,36.70781,128.14792
819,예안,36.65875,128.88641
820,하회,36.54819,128.52665
821,공성,36.28187,128.07393
822,김천,36.11987,128.1552
823,군위,36.24934,128.55577
824,가산,36.0956,128.50008
825,칠곡,36.03977,128.3813
826,신녕,36.04709,128.79003
827,경산,35.82425,128.743
828,달성,35.69018,128.42384
829,외동,35.71214,129.31815
830,기계,36.06887,129.19957
831,석포,37.04012,128.99708
832,단북,36.39066,128.42855
833,은척,36.53829,128.04189
834,화서,36.44122,127.9442
835,봉화읍,36.89316,128.71601
836,현서,36.27943,128.89601
837,이산,36.8268,128.6429
838,동로,36.79066,128.27046
839,길안,36.45834,128.89544
840,하양,35.9126,128.8144
841,화북,36.08494,128.91106
842,산내,35.7576,129.011
843,금강송,36.93611,129.25013
844,영덕읍,36.43551,129.35859
845,대구북구,35.90842,128.59068
846,대구서구,35.86509,128.53095
847,소보,36.27623,128.46637
848,청도금천,35.67916,128.89534
849,지보,36.54689,128.3871
850,감포,35.78471,129.49062
851,소곡,37.05137,129.35206
852,죽변,37.0606,129.426
853,팔공산,36.01827,128.62129
854,삼동,35.49528,129.13357
855,가파도,33.1733,126.26833
856,광양백운산,35.1018,127.59815
857,완도읍,34.29995,126.71737
858,지산,34.42956,126.17006
859,토함산,35.7549,129.36873
860,신암,35.88515,128.61903
861,제주김녕,33.55563,126.77295
862,송당,33.47056,126.77919
863,외도,33.47688,126.43165
864,완산,35.82149,127.15497
865,오등,33.45766,126.52202
867,삼각봉,33.37694,126.53049
868,사제비,33.37598,126.49802
869,영실,33.34832,126.4964
870,진달래밭,33.36978,126.55571
871,윗세오름,33.3623,126.51811
872,지리산,35.31924,127.75642
874,동송,38.14163,127.21965
875,설악산,38.1213,128.45992
876,삼척,37.45003,129.16214
877,문막,37.31339,127.80486
878,도계,37.22379,129.09609
881,새만금,35.72945,126.52885
882,상무대,35.25255,126.60526
883,새별오름,33.36233,126.35989
885,한남,33.33143,126.67846
886,군산산단,35.95048,126.59117
888,청남대,36.46267,127.49074
889,현충원,37.50036,126.97652
890,제주가시리,33.38535,126.73362
892,성산수산,33.45011,126.85127
893,애월,33.46592,126.32745
896,군포금정,37.36148,126.93534
897,의왕이동,37.34452,126.96884
898,장생포,35.50482,129.386
899,마산회원,35.22354,128.58215
900,두서,35.62027,129.14356
901,울기,35.48678,129.43531
902,시천,35.24229,127.81897
903,도천,35.40387,128.51486
904,사상,35.16944,128.97505
905,양산상북,35.4414,129.04288
906,화개,35.23236,127.64269
907,삼천포,34.93211,128.06313
908,진해,35.11221,128.7537
909,서이말,34.78774,128.73825
910,영도,35.06609,129.07421
911,매물도,34.64893,128.57714
912,백천,35.52627,127.77836
913,상주면,34.7238,127.98155
914,서하,35.63763,127.71556
915,삼가,35.41353,128.10178
916,단성,35.31111,127.96696
917,사천,35.03694,128.06768
918,고성,34.99052,128.33089
919,창녕,35.55142,128.47669
920,함안,35.29613,128.39942
921,가덕도,34.99308,128.83141
922,단장,35.48645,128.92911
923,기장,35.27505,129.25113
924,간절곶,35.35866,129.36028
925,생림,35.37435,128.82299
926,진북,35.12624,128.47483
927,송백,35.58197,128.88365
929,개천,35.11369,128.30701
930,사량도,34.80992,128.23814
931,욕지도,34.6223,128.27351
932,하동,35.06058,127.76664
933,금남,34.99676,127.83238
934,수곡,35.2214,127.92848
935,청덕,35.56979,128.34114
936,신포,35.33263,128.2023
937,해운대,35.17721,129.16068
938,부산진,35.15888,129.01929
939,금정구,35.2932,129.10348
940,동래,35.20914,129.09013
941,북구,35.21304,129.00258
942,부산남구,35.11863,129.08841
943,매곡,35.66706,129.37502
944,길곡,35.38516,128.57005
945,대병,35.53452,127.9901
946,북상,35.78,127.81826
947,명사,34.72193,128.5908
948,삼장,35.31074,127.83448
949,정자,35.6375,129.4412
950,사하,35.09006,128.98393
951,내장산,35.50869,126.90733
953,장목,34.99839,128.67977
954,온산,35.43103,129.36011
955,서수도,37.325,126.39333
956,가대암,36.77,125.9767
957,십이동파,35.98667,126.225
958,갈매여,35.61333,126.245
959,해수서,34.26333,126.02667
960,지귀도,33.22333,126.6542
961,간여암,34.285,127.85778
963,이덕서,35.5667,129.475
964,마량,34.45902,126.81574
965,한라산남벽,33.35237,126.53303
966,풍도,37.1161,126.3856
967,도리도,37.1189,126.6128
970,철원장흥,38.2016,127.25024
972,안동옥동,36.54983,128.6834
973,화순능주,35.0233,126.94961
974,대곡,35.24434,128.15605
977,오창가곡,36.72455,127.46688
978,춘천신북,37.95461,127.77626
980,강정,33.25992,126.48917
984,오륙도,35.09129,129.12666
989,안덕화순,33.25792,126.32992
990,낙천,33.31822,126.2305
991,옥포,35.80279,128.44562
992,하빈,35.9062,128.4464
993,제주금악,33.34225,126.30985
994,심포,35.85446,126.64211
995,오천,35.9286,129.38223
996,화동,36.37207,127.89492
