issue_year,issue_no,crop_group,level,kind,pest_name,target_crops,source_file
2023,10,식량작물,주의보,해충,열대거세미나방,,10호_2023 농작물 병해충 발생정보(제10호).pdf
2023,10,식량작물,주의보,해충,멸강나방,,10호_2023 농작물 병해충 발생정보(제10호).pdf
2023,10,식량작물,주의보,해충,멸구류,,10호_2023 농작물 병해충 발생정보(제10호).pdf
2023,10,식량작물,주의보,해충,혹명나방,,10호_2023 농작물 병해충 발생정보(제10호).pdf
2023,10,식량작물,예보,해충,먹노린재,,10호_2023 농작물 병해충 발생정보(제10호).pdf
2023,10,채소,주의보,해충,담배나방,고추,10호_2023 농작물 병해충 발생정보(제10호).pdf
2023,10,채소,주의보,해충,파밤나방,,10호_2023 농작물 병해충 발생정보(제10호).pdf
2023,10,채소,주의보,병,역병‧탄저병‧바이러스,고추,10호_2023 농작물 병해충 발생정보(제10호).pdf
2023,10,채소,주의보,병,고랭지무,,10호_2023 농작물 병해충 발생정보(제10호).pdf
2023,10,채소,주의보,병,배추무름병,,10호_2023 농작물 병해충 발생정보(제10호).pdf
2023,10,채소,주의보,병,뿌리혹병,,10호_2023 농작물 병해충 발생정보(제10호).pdf
2023,10,채소,예보,해충,진딧물류,,10호_2023 농작물 병해충 발생정보(제10호).pdf
2023,10,채소,예보,해충,총채벌레,,10호_2023 농작물 병해충 발생정보(제10호).pdf
2023,10,채소,예보,해충,응애류,,10호_2023 농작물 병해충 발생정보(제10호).pdf
2023,10,채소,예보,해충,가루이류,,10호_2023 농작물 병해충 발생정보(제10호).pdf
2023,10,과수,주의보,병,과수화상병,,10호_2023 농작물 병해충 발생정보(제10호).pdf
2023,10,과수,주의보,병,과수가지검은마름병,,10호_2023 농작물 병해충 발생정보(제10호).pdf
2023,10,과수,주의보,병,탄저병,,10호_2023 농작물 병해충 발생정보(제10호).pdf
2023,10,과수,주의보,병,사과갈색무늬병,,10호_2023 농작물 병해충 발생정보(제10호).pdf
2023,10,과수,주의보,병,노균병,,10호_2023 농작물 병해충 발생정보(제10호).pdf
2023,10,과수,주의보,해충,갈색날개매미충,,10호_2023 농작물 병해충 발생정보(제10호).pdf
2023,10,과수,주의보,해충,미국선녀벌레,,10호_2023 농작물 병해충 발생정보(제10호).pdf
2023,10,과수,주의보,해충,꽃매미,,10호_2023 농작물 병해충 발생정보(제10호).pdf
2023,10,과수,예보,병,점무늬낙엽병,,10호_2023 농작물 병해충 발생정보(제10호).pdf
2023,10,과수,예보,병,포도새눈무늬병,,10호_2023 농작물 병해충 발생정보(제10호).pdf
2023,10,과수,예보,병,갈색무늬병,,10호_2023 농작물 병해충 발생정보(제10호).pdf
2023,10,과수,예보,해충,복숭아심식나방,,10호_2023 농작물 병해충 발생정보(제10호).pdf
2023,10,과수,예보,해충,복숭아순나방,,10호_2023 농작물 병해충 발생정보(제10호).pdf
2023,10,과수,예보,해충,응애류,,10호_2023 농작물 병해충 발생정보(제10호).pdf
2023,10,과수,예보,해충,노린재류,,10호_2023 농작물 병해충 발생정보(제10호).pdf
2023,11,식량작물,주의보,병,이삭도열병,,11호_2023 농작물 병해충 발생정보(제11호).pdf
2023,11,식량작물,주의보,병,잎집무늬마름병,,11호_2023 농작물 병해충 발생정보(제11호).pdf
2023,11,식량작물,주의보,병,흰잎마름병,,11호_2023 농작물 병해충 발생정보(제11호).pdf
2023,11,식량작물,주의보,병,세균벼알마름병,,11호_2023 농작물 병해충 발생정보(제11호).pdf
2023,11,식량작물,주의보,해충,혹명나방,,11호_2023 농작물 병해충 발생정보(제11호).pdf
2023,11,식량작물,주의보,해충,흰등멸구,,11호_2023 농작물 병해충 발생정보(제11호).pdf
2023,11,식량작물,주의보,해충,열대거세미나방,,11호_2023 농작물 병해충 발생정보(제11호).pdf
2023,11,식량작물,예보,해충,먹노린재,,11호_2023 농작물 병해충 발생정보(제11호).pdf
2023,11,식량작물,예보,해충,벼멸구,,11호_2023 농작물 병해충 발생정보(제11호).pdf
2023,11,채소,주의보,병,역병‧탄저병‧바이러스,,11호_2023 농작물 병해충 발생정보(제11호).pdf
2023,11,채소,주의보,병,고랭지무,,11호_2023 농작물 병해충 발생정보(제11호).pdf
2023,11,채소,주의보,병,배추무름병,,11호_2023 농작물 병해충 발생정보(제11호).pdf
2023,11,채소,주의보,병,뿌리혹병,,11호_2023 농작물 병해충 발생정보(제11호).pdf
2023,11,채소,주의보,해충,고추담배나방,,11호_2023 농작물 병해충 발생정보(제11호).pdf
2023,11,채소,예보,해충,총채벌레,,11호_2023 농작물 병해충 발생정보(제11호).pdf
2023,11,채소,예보,해충,응애류,,11호_2023 농작물 병해충 발생정보(제11호).pdf
2023,11,채소,예보,해충,가루이류,,11호_2023 농작물 병해충 발생정보(제11호).pdf
2023,11,채소,예보,해충,진딧물류,,11호_2023 농작물 병해충 발생정보(제11호).pdf
2023,11,과수,주의보,병,과수화상병,,11호_2023 농작물 병해충 발생정보(제11호).pdf
2023,11,과수,주의보,병,과수가지검은마름병,,11호_2023 농작물 병해충 발생정보(제11호).pdf
2023,11,과수,주의보,병,사과탄저병,,11호_2023 농작물 병해충 발생정보(제11호).pdf
2023,11,과수,주의보,병,사과갈색무늬병,,11호_2023 농작물 병해충 발생정보(제11호).pdf
2023,11,과수,주의보,병,노균병,,11호_2023 농작물 병해충 발생정보(제11호).pdf
2023,11,과수,주의보,병,점무늬낙엽병,,11호_2023 농작물 병해충 발생정보(제11호).pdf
2023,11,과수,주의보,해충,복숭아심식나방,,11호_2023 농작물 병해충 발생정보(제11호).pdf
2023,11,과수,주의보,해충,복숭아순나방,,11호_2023 농작물 병해충 발생정보(제11호).pdf
2023,11,과수,주의보,해충,갈색날개매미충,,11호_2023 농작물 병해충 발생정보(제11호).pdf
2023,11,과수,주의보,해충,미국선녀벌레,,11호_2023 농작물 병해충 발생정보(제11호).pdf
2023,11,과수,주의보,해충,꽃매미,,11호_2023 농작물 병해충 발생정보(제11호).pdf
2023,11,과수,예보,병,포도새눈무늬병,,11호_2023 농작물 병해충 발생정보(제11호).pdf
2023,11,과수,예보,병,새눈무늬병,,11호_2023 농작물 병해충 발생정보(제11호).pdf
2023,11,과수,예보,해충,응애류,,11호_2023 농작물 병해충 발생정보(제11호).pdf
2023,11,과수,예보,해충,노린재류,,11호_2023 농작물 병해충 발생정보(제11호).pdf
2023,12,식량작물,주의보,병,이삭도열병,,12호_2023 농작물 병해충 발생정보(제12호).pdf
2023,12,식량작물,주의보,병,세균벼알마름병,,12호_2023 농작물 병해충 발생정보(제12호).pdf
2023,12,식량작물,주의보,병,잎집무늬마름병,,12호_2023 농작물 병해충 발생정보(제12호).pdf
2023,12,식량작물,주의보,병,흰잎마름병,,12호_2023 농작물 병해충 발생정보(제12호).pdf
2023,12,식량작물,주의보,병,깨씨무늬병,,12호_2023 농작물 병해충 발생정보(제12호).pdf
2023,12,식량작물,주의보,해충,벼멸구,,12호_2023 농작물 병해충 발생정보(제12호).pdf
2023,12,식량작물,주의보,해충,흰등멸구,,12호_2023 농작물 병해충 발생정보(제12호).pdf
2023,12,식량작물,주의보,해충,혹명나방,,12호_2023 농작물 병해충 발생정보(제12호).pdf
2023,12,식량작물,주의보,해충,먹노린재,,12호_2023 농작물 병해충 발생정보(제12호).pdf
2023,12,식량작물,예보,해충,열대거세미나방,,12호_2023 농작물 병해충 발생정보(제12호).pdf
2023,12,식량작물,예보,해충,멸강나방,,12호_2023 농작물 병해충 발생정보(제12호).pdf
2023,12,채소,주의보,병,역병‧탄저병‧바이러스,,12호_2023 농작물 병해충 발생정보(제12호).pdf
2023,12,채소,주의보,병,고랭지무,,12호_2023 농작물 병해충 발생정보(제12호).pdf
2023,12,채소,주의보,병,배추무름병,,12호_2023 농작물 병해충 발생정보(제12호).pdf
2023,12,채소,주의보,병,뿌리혹병,,12호_2023 농작물 병해충 발생정보(제12호).pdf
2023,12,채소,주의보,해충,고추담배나방,,12호_2023 농작물 병해충 발생정보(제12호).pdf
2023,12,채소,예보,해충,총채벌레,,12호_2023 농작물 병해충 발생정보(제12호).pdf
2023,12,채소,예보,해충,응애류,,12호_2023 농작물 병해충 발생정보(제12호).pdf
2023,12,채소,예보,해충,가루이류,,12호_2023 농작물 병해충 발생정보(제12호).pdf
2023,12,채소,예보,해충,진딧물류,,12호_2023 농작물 병해충 발생정보(제12호).pdf
2023,12,과수,주의보,병,과수화상병,,12호_2023 농작물 병해충 발생정보(제12호).pdf
2023,12,과수,주의보,병,과수가지검은마름병,,12호_2023 농작물 병해충 발생정보(제12호).pdf
2023,12,과수,주의보,병,사과탄저병,,12호_2023 농작물 병해충 발생정보(제12호).pdf
2023,12,과수,주의보,병,사과갈색무늬병,,12호_2023 농작물 병해충 발생정보(제12호).pdf
2023,12,과수,주의보,병,점무늬낙엽병,,12호_2023 농작물 병해충 발생정보(제12호).pdf
2023,12,과수,주의보,해충,복숭아심식나방,,12호_2023 농작물 병해충 발생정보(제12호).pdf
2023,12,과수,주의보,해충,복숭아순나방,,12호_2023 농작물 병해충 발생정보(제12호).pdf
2023,12,과수,주의보,해충,돌발해충(갈색날개매미충,,12호_2023 농작물 병해충 발생정보(제12호).pdf
2023,12,과수,예보,해충,응애류,,12호_2023 농작물 병해충 발생정보(제12호).pdf
2023,12,과수,예보,해충,노린재류,,12호_2023 농작물 병해충 발생정보(제12호).pdf
2023,13,식량작물,예보,병,붉은곰팡이병,,13호_2023 농작물 병해충 발생정보(제13호).pdf
2023,13,식량작물,예보,병,깜부기병,종자소독,13호_2023 농작물 병해충 발생정보(제13호).pdf
2023,13,식량작물,예보,해충,열대거세미나방,,13호_2023 농작물 병해충 발생정보(제13호).pdf
2023,13,채소,주의보,병,배추뿌리혹병,,13호_2023 농작물 병해충 발생정보(제13호).pdf
2023,13,채소,주의보,병,노균병,,13호_2023 농작물 병해충 발생정보(제13호).pdf
2023,13,채소,주의보,병,바이러스,,13호_2023 농작물 병해충 발생정보(제13호).pdf
2023,13,채소,예보,병,시설채소토마토반점위조바이러스,,13호_2023 농작물 병해충 발생정보(제13호).pdf
2023,13,채소,예보,병,토마토황화잎말림병,,13호_2023 농작물 병해충 발생정보(제13호).pdf
2023,13,채소,예보,병,쥬키니황화모자이크바이러스,,13호_2023 농작물 병해충 발생정보(제13호).pdf
2023,13,채소,예보,해충,파밤나방,,13호_2023 농작물 병해충 발생정보(제13호).pdf
2023,13,채소,예보,해충,담배거세미나방,,13호_2023 농작물 병해충 발생정보(제13호).pdf
2023,13,채소,예보,해충,목화바둑명나방,,13호_2023 농작물 병해충 발생정보(제13호).pdf
2023,13,채소,예보,해충,총채벌레,,13호_2023 농작물 병해충 발생정보(제13호).pdf
2023,13,채소,예보,해충,응애,,13호_2023 농작물 병해충 발생정보(제13호).pdf
2023,13,채소,예보,해충,진딧물,,13호_2023 농작물 병해충 발생정보(제13호).pdf
2023,13,채소,예보,해충,작은뿌리파리,,13호_2023 농작물 병해충 발생정보(제13호).pdf
2023,13,과수,예보,병,과수화상병,,13호_2023 농작물 병해충 발생정보(제13호).pdf
2023,13,과수,예보,병,과수가지검은마름병,,13호_2023 농작물 병해충 발생정보(제13호).pdf
2023,13,과수,예보,해충,노린재류,,13호_2023 농작물 병해충 발생정보(제13호).pdf
2023,13,과수,예보,해충,주경배나무이,,13호_2023 농작물 병해충 발생정보(제13호).pdf
2023,13,과수,주의보,해충,미국선녀벌레,,13호_2023 농작물 병해충 발생정보(제13호).pdf
2023,13,과수,주의보,해충,갈색날개매미충,,13호_2023 농작물 병해충 발생정보(제13호).pdf
2023,13,과수,주의보,해충,꽃매미,,13호_2023 농작물 병해충 발생정보(제13호).pdf
2023,14,시설채소,예보,병,흰가루병,,14호_2023 농작물 병해충 발생정보(제14호).pdf
2023,14,시설채소,예보,병,잿빛곰팡이병,,14호_2023 농작물 병해충 발생정보(제14호).pdf
2023,14,시설채소,예보,병,노균병,,14호_2023 농작물 병해충 발생정보(제14호).pdf
2023,14,시설채소,예보,병,딸기꽃곰팡이병,,14호_2023 농작물 병해충 발생정보(제14호).pdf
2023,14,시설채소,예보,병,토마토반점위조,,14호_2023 농작물 병해충 발생정보(제14호).pdf
2023,14,시설채소,예보,해충,총채벌레류,,14호_2023 농작물 병해충 발생정보(제14호).pdf
2023,14,시설채소,예보,해충,가루이류,,14호_2023 농작물 병해충 발생정보(제14호).pdf
2023,14,시설채소,예보,해충,진딧물류,,14호_2023 농작물 병해충 발생정보(제14호).pdf
2023,14,시설채소,예보,해충,응애류,,14호_2023 농작물 병해충 발생정보(제14호).pdf
2023,14,시설채소,예보,해충,작은뿌리파리,,14호_2023 농작물 병해충 발생정보(제14호).pdf
2023,14,노지채소,주의보,미분류,배추뿌리혹병,,14호_2023 농작물 병해충 발생정보(제14호).pdf
2023,14,노지채소,주의보,미분류,무름병,,14호_2023 농작물 병해충 발생정보(제14호).pdf
2023,14,노지채소,주의보,미분류,(예보)당근검은잎마름병,,14호_2023 농작물 병해충 발생정보(제14호).pdf
2023,14,화훼,예보,병,국화줄기괴저바이러스,,14호_2023 농작물 병해충 발생정보(제14호).pdf
2023,14,과수,예보,병,과수화상병,,14호_2023 농작물 병해충 발생정보(제14호).pdf
2023,14,과수,예보,병,과수가지검은마름병,,14호_2023 농작물 병해충 발생정보(제14호).pdf
2023,15,시설채소,예보,병,잿빛곰팡이병,,15호_2023 농작물 병해충 발생정보(제15호).pdf
2023,15,시설채소,예보,병,균핵병,,15호_2023 농작물 병해충 발생정보(제15호).pdf
2023,15,시설채소,예보,병,흰가루병,,15호_2023 농작물 병해충 발생정보(제15호).pdf
2023,15,시설채소,예보,병,노균병,,15호_2023 농작물 병해충 발생정보(제15호).pdf
2023,15,시설채소,예보,병,딸기꽃곰팡이병,,15호_2023 농작물 병해충 발생정보(제15호).pdf
2023,15,시설채소,예보,병,딸기세균모무늬병,,15호_2023 농작물 병해충 발생정보(제15호).pdf
2023,15,시설채소,예보,바이러스,토마토반점위조바이러스,,15호_2023 농작물 병해충 발생정보(제15호).pdf
2023,15,시설채소,예보,바이러스,토마토황화잎말림병,,15호_2023 농작물 병해충 발생정보(제15호).pdf
2023,15,시설채소,예보,바이러스,쥬키니황화모자이크바이러스,,15호_2023 농작물 병해충 발생정보(제15호).pdf
2023,15,시설채소,예보,해충,총채벌레류,,15호_2023 농작물 병해충 발생정보(제15호).pdf
2023,15,시설채소,예보,해충,가루이류,,15호_2023 농작물 병해충 발생정보(제15호).pdf
2023,15,시설채소,예보,해충,진딧물류,,15호_2023 농작물 병해충 발생정보(제15호).pdf
2023,15,시설채소,예보,해충,응애류,,15호_2023 농작물 병해충 발생정보(제15호).pdf
2023,15,시설채소,예보,해충,작은뿌리파리,,15호_2023 농작물 병해충 발생정보(제15호).pdf
2023,15,과수,예보,병,과수화상병,,15호_2023 농작물 병해충 발생정보(제15호).pdf
2023,15,과수,예보,병,과수가지검은마름병,,15호_2023 농작물 병해충 발생정보(제15호).pdf
2023,1,시설채소,예보,병,잿빛곰팡이병,,1호_2023 농작물 병해충 발생정보(제1호).pdf
2023,1,시설채소,예보,병,균핵병,,1호_2023 농작물 병해충 발생정보(제1호).pdf
2023,1,시설채소,예보,병,흰가루병,,1호_2023 농작물 병해충 발생정보(제1호).pdf
2023,1,시설채소,예보,병,노균병,,1호_2023 농작물 병해충 발생정보(제1호).pdf
2023,1,시설채소,예보,병,딸기꽃곰팡이병,,1호_2023 농작물 병해충 발생정보(제1호).pdf
2023,1,시설채소,예보,병,딸기세균모무늬병,,1호_2023 농작물 병해충 발생정보(제1호).pdf
2023,1,시설채소,예보,병,토마토반점위조바이러스,,1호_2023 농작물 병해충 발생정보(제1호).pdf
2023,1,시설채소,예보,병,토마토황화잎말림병,,1호_2023 농작물 병해충 발생정보(제1호).pdf
2023,1,시설채소,예보,병,쥬키니황화모자이크바이러스,,1호_2023 농작물 병해충 발생정보(제1호).pdf
2023,1,시설채소,예보,해충,총채벌레류,,1호_2023 농작물 병해충 발생정보(제1호).pdf
2023,1,시설채소,예보,해충,가루이류,,1호_2023 농작물 병해충 발생정보(제1호).pdf
2023,1,시설채소,예보,해충,진딧물류,,1호_2023 농작물 병해충 발생정보(제1호).pdf
2023,1,시설채소,예보,해충,응애류,,1호_2023 농작물 병해충 발생정보(제1호).pdf
2023,1,시설채소,예보,해충,작은뿌리파리,,1호_2023 농작물 병해충 발생정보(제1호).pdf
2023,1,과수,예보,병,과수화상병,,1호_2023 농작물 병해충 발생정보(제1호).pdf
2023,1,과수,예보,병,과수가지검은마름병,,1호_2023 농작물 병해충 발생정보(제1호).pdf
2023,2,채소,예보,병,잿빛곰팡이병,,2호_2023 농작물 병해충 발생정보(제2호).pdf
2023,2,채소,예보,병,균핵병,,2호_2023 농작물 병해충 발생정보(제2호).pdf
2023,2,채소,예보,병,흰가루병,,2호_2023 농작물 병해충 발생정보(제2호).pdf
2023,2,채소,예보,병,딸기꽃곰팡이병,,2호_2023 농작물 병해충 발생정보(제2호).pdf
2023,2,채소,예보,병,딸기세균,,2호_2023 농작물 병해충 발생정보(제2호).pdf
2023,2,채소,예보,해충,총채벌레류,,2호_2023 농작물 병해충 발생정보(제2호).pdf
2023,2,채소,예보,해충,가루이류,,2호_2023 농작물 병해충 발생정보(제2호).pdf
2023,2,채소,예보,해충,진딧물,,2호_2023 농작물 병해충 발생정보(제2호).pdf
2023,2,채소,예보,해충,응애류,,2호_2023 농작물 병해충 발생정보(제2호).pdf
2023,2,채소,예보,해충,작은뿌리파리,,2호_2023 농작물 병해충 발생정보(제2호).pdf
2023,2,채소,예보,해충,고자리파리,,2호_2023 농작물 병해충 발생정보(제2호).pdf
2023,2,채소,예보,바이러스,토마토반점위조바이러스,,2호_2023 농작물 병해충 발생정보(제2호).pdf
2023,2,채소,예보,바이러스,토마토황화잎말림바이러스,,2호_2023 농작물 병해충 발생정보(제2호).pdf
2023,2,채소,예보,바이러스,쥬키니황화모자이크바이러스,,2호_2023 농작물 병해충 발생정보(제2호).pdf
2023,2,과수,예보,병,과수화상병,,2호_2023 농작물 병해충 발생정보(제2호).pdf
2023,2,과수,예보,병,과수가지검은마름병,,2호_2023 농작물 병해충 발생정보(제2호).pdf
2023,2,과수,예보,해충,주경배나무이,,2호_2023 농작물 병해충 발생정보(제2호).pdf
2023,3,채소,주의보,미분류,노균병,양파,3호_2023 농작물 병해충 발생정보(제3호).pdf
2023,3,채소,주의보,미분류,흑색썩음균핵병,"마늘,양파",3호_2023 농작물 병해충 발생정보(제3호).pdf
2023,3,채소,예보,병,모잘록병,,3호_2023 농작물 병해충 발생정보(제3호).pdf
2023,3,채소,예보,병,잿빛곰팡이병,,3호_2023 농작물 병해충 발생정보(제3호).pdf
2023,3,채소,예보,병,흰가루병,,3호_2023 농작물 병해충 발생정보(제3호).pdf
2023,3,채소,예보,병,노균병,,3호_2023 농작물 병해충 발생정보(제3호).pdf
2023,3,채소,예보,병,역병,,3호_2023 농작물 병해충 발생정보(제3호).pdf
2023,3,채소,예보,병,흑색썩음균핵병,,3호_2023 농작물 병해충 발생정보(제3호).pdf
2023,3,채소,예보,해충,총채벌레류,,3호_2023 농작물 병해충 발생정보(제3호).pdf
2023,3,채소,예보,해충,가루이류,,3호_2023 농작물 병해충 발생정보(제3호).pdf
2023,3,채소,예보,해충,진딧물,,3호_2023 농작물 병해충 발생정보(제3호).pdf
2023,3,채소,예보,해충,응애류,,3호_2023 농작물 병해충 발생정보(제3호).pdf
2023,3,채소,예보,해충,작은뿌리파리,,3호_2023 농작물 병해충 발생정보(제3호).pdf
2023,3,채소,예보,바이러스,토마토반점위조바이러스,,3호_2023 농작물 병해충 발생정보(제3호).pdf
2023,3,채소,예보,바이러스,토마토황화잎말림바이러스,,3호_2023 농작물 병해충 발생정보(제3호).pdf
2023,3,채소,예보,바이러스,쥬키니황화모자이크바이러스,,3호_2023 농작물 병해충 발생정보(제3호).pdf
2023,3,과수,예보,병,과수화상병,,3호_2023 농작물 병해충 발생정보(제3호).pdf
2023,3,과수,예보,병,과수가지검은마름병,,3호_2023 농작물 병해충 발생정보(제3호).pdf
2023,3,과수,예보,해충,주경배나무이,,3호_2023 농작물 병해충 발생정보(제3호).pdf
2023,4,식량작물,예보,미분류,종자전염성병,"키다리병,도열병,깨씨무늬병",4호_2023 농작물 병해충 발생정보(제4호).pdf
2023,4,식량작물,예보,미분류,모잘록병,,4호_2023 농작물 병해충 발생정보(제4호).pdf
2023,4,식량작물,예보,미분류,뜸모,,4호_2023 농작물 병해충 발생정보(제4호).pdf
2023,4,식량작물,주의보,미분류,맥류붉은곰팡이병,,4호_2023 농작물 병해충 발생정보(제4호).pdf
2023,4,채소,주의보,미분류,노균병,양파,4호_2023 농작물 병해충 발생정보(제4호).pdf
2023,4,채소,예보,병,잎마름병,"마늘,양파",4호_2023 농작물 병해충 발생정보(제4호).pdf
2023,4,채소,예보,병,"흑색썩음균핵병(마늘,양파)잿빛곰팡이병",,4호_2023 농작물 병해충 발생정보(제4호).pdf
2023,4,채소,예보,해충,고자리파리,"마늘,양파",4호_2023 농작물 병해충 발생정보(제4호).pdf
2023,4,채소,예보,해충,뿌리응애,"마늘,양파",4호_2023 농작물 병해충 발생정보(제4호).pdf
2023,4,채소,예보,해충,총채벌레류,,4호_2023 농작물 병해충 발생정보(제4호).pdf
2023,4,채소,예보,해충,가루이류,,4호_2023 농작물 병해충 발생정보(제4호).pdf
2023,4,채소,예보,해충,진딧물,,4호_2023 농작물 병해충 발생정보(제4호).pdf
2023,4,채소,예보,해충,응애류,,4호_2023 농작물 병해충 발생정보(제4호).pdf
2023,4,채소,예보,바이러스,토마토반점위조바이러스,"토마토,고추,파프리카등",4호_2023 농작물 병해충 발생정보(제4호).pdf
2023,4,과수,예보,병,붉은별무늬병,"사과,배",4호_2023 농작물 병해충 발생정보(제4호).pdf
2023,4,과수,예보,병,검은별무늬병,"사과,배,매실,복숭아등",4호_2023 농작물 병해충 발생정보(제4호).pdf
2023,4,과수,예보,병,참다래궤양병,,4호_2023 농작물 병해충 발생정보(제4호).pdf
2023,4,과수,예보,병,과수화상병,"사과,배",4호_2023 농작물 병해충 발생정보(제4호).pdf
2023,4,과수,예보,해충,나무좀류,"사과,복숭아",4호_2023 농작물 병해충 발생정보(제4호).pdf
2023,4,과수,예보,해충,사과응애,사과,4호_2023 농작물 병해충 발생정보(제4호).pdf
2023,4,과수,예보,해충,복숭아씨살이좀벌,매실,4호_2023 농작물 병해충 발생정보(제4호).pdf
2023,5,식량작물,주의보,병,맥류붉은곰팡이병,,5호_2023년 농작물 병해충 발생정보(제5호).pdf
2023,5,식량작물,주의보,해충,열대거세미나방,옥수수,5호_2023년 농작물 병해충 발생정보(제5호).pdf
2023,5,식량작물,예보,병,모마름병,,5호_2023년 농작물 병해충 발생정보(제5호).pdf
2023,5,식량작물,예보,병,뜸모,,5호_2023년 농작물 병해충 발생정보(제5호).pdf
2023,5,식량작물,예보,해충,애멸구,,5호_2023년 농작물 병해충 발생정보(제5호).pdf
2023,5,식량작물,예보,해충,멸강나방,,5호_2023년 농작물 병해충 발생정보(제5호).pdf
2023,5,채소,주의보,병,잎마름병,"마늘,양파",5호_2023년 농작물 병해충 발생정보(제5호).pdf
2023,5,채소,주의보,병,노균병,양파,5호_2023년 농작물 병해충 발생정보(제5호).pdf
2023,5,채소,주의보,병,흑색썩음균핵병,"마늘,양파",5호_2023년 농작물 병해충 발생정보(제5호).pdf
2023,5,채소,주의보,해충,고자리파리,"마늘,양파",5호_2023년 농작물 병해충 발생정보(제5호).pdf
2023,5,채소,주의보,해충,뿌리응애,"마늘,양파",5호_2023년 농작물 병해충 발생정보(제5호).pdf
2023,5,채소,예보,병,역병,,5호_2023년 농작물 병해충 발생정보(제5호).pdf
2023,5,채소,예보,병,탄저병,고추,5호_2023년 농작물 병해충 발생정보(제5호).pdf
2023,5,채소,예보,병,흰가루병,"딸기,오이,메론등",5호_2023년 농작물 병해충 발생정보(제5호).pdf
2023,5,채소,예보,병,잿빛곰팡이병,,5호_2023년 농작물 병해충 발생정보(제5호).pdf
2023,5,채소,예보,해충,총채벌레류,,5호_2023년 농작물 병해충 발생정보(제5호).pdf
2023,5,채소,예보,해충,가루이류,,5호_2023년 농작물 병해충 발생정보(제5호).pdf
2023,5,채소,예보,해충,진딧물,,5호_2023년 농작물 병해충 발생정보(제5호).pdf
2023,5,채소,예보,해충,응애류,,5호_2023년 농작물 병해충 발생정보(제5호).pdf
2023,5,채소,예보,바이러스,토마토반점위조바이러스,"토마토,고추,파프리카등",5호_2023년 농작물 병해충 발생정보(제5호).pdf
2023,5,과수,주의보,병,과수화상병,,5호_2023년 농작물 병해충 발생정보(제5호).pdf
2023,5,과수,주의보,해충,갈색날개매미충,,5호_2023년 농작물 병해충 발생정보(제5호).pdf
2023,5,과수,주의보,해충,미국선녀벌레,,5호_2023년 농작물 병해충 발생정보(제5호).pdf
2023,5,과수,주의보,해충,꽃매미,,5호_2023년 농작물 병해충 발생정보(제5호).pdf
2023,5,과수,예보,병,참다래궤양병,Psa3,5호_2023년 농작물 병해충 발생정보(제5호).pdf
2023,5,과수,예보,병,붉은별무늬병,"사과,배",5호_2023년 농작물 병해충 발생정보(제5호).pdf
2023,5,과수,예보,병,검은별무늬병,,5호_2023년 농작물 병해충 발생정보(제5호).pdf
2023,5,과수,예보,해충,나무좀,,5호_2023년 농작물 병해충 발생정보(제5호).pdf
2023,5,과수,예보,해충,진딧물류,,5호_2023년 농작물 병해충 발생정보(제5호).pdf
2023,5,과수,예보,해충,가루깍지벌레,,5호_2023년 농작물 병해충 발생정보(제5호).pdf
2023,5,과수,예보,해충,복숭아씨살이좀벌,,5호_2023년 농작물 병해충 발생정보(제5호).pdf
2023,5,과수,예보,해충,복숭아순나방,,5호_2023년 농작물 병해충 발생정보(제5호).pdf
2023,6,식량작물,주의보,미분류,열대거세미나방,옥수수,6호_2023 농작물 병해충 발생정보(제6호).pdf
2023,6,식량작물,예보,미분류,멸강나방,,6호_2023 농작물 병해충 발생정보(제6호).pdf
2023,6,식량작물,예보,미분류,애멸구,벼줄무늬잎마름병,6호_2023 농작물 병해충 발생정보(제6호).pdf
2023,6,식량작물,예보,미분류,조명나방,,6호_2023 농작물 병해충 발생정보(제6호).pdf
2023,6,식량작물,예보,미분류,벼물바구미,,6호_2023 농작물 병해충 발생정보(제6호).pdf
2023,6,채소,예보,병,역병,,6호_2023 농작물 병해충 발생정보(제6호).pdf
2023,6,채소,예보,병,탄저병,고추,6호_2023 농작물 병해충 발생정보(제6호).pdf
2023,6,채소,예보,병,덩굴마름병,"참외,수박",6호_2023 농작물 병해충 발생정보(제6호).pdf
2023,6,채소,예보,병,흰가루병,오이등,6호_2023 농작물 병해충 발생정보(제6호).pdf
2023,6,채소,예보,해충,총채벌레류,,6호_2023 농작물 병해충 발생정보(제6호).pdf
2023,6,채소,예보,해충,가루이류,,6호_2023 농작물 병해충 발생정보(제6호).pdf
2023,6,채소,예보,해충,진딧물류,,6호_2023 농작물 병해충 발생정보(제6호).pdf
2023,6,채소,예보,해충,응애류,,6호_2023 농작물 병해충 발생정보(제6호).pdf
2023,6,채소,예보,바이러스,토마토반점위조바이러스,"토마토,고추,파프리카등",6호_2023 농작물 병해충 발생정보(제6호).pdf
2023,6,과수,경보,병,과수화상병,,6호_2023 농작물 병해충 발생정보(제6호).pdf
2023,6,과수,주의보,병,과수가지검은마름병,,6호_2023 농작물 병해충 발생정보(제6호).pdf
2023,6,과수,예보,병,세균성구멍병‧잿빛무늬병,복숭아,6호_2023 농작물 병해충 발생정보(제6호).pdf
2023,6,과수,예보,병,탄저병,"사과,복숭아,포도",6호_2023 농작물 병해충 발생정보(제6호).pdf
2023,6,과수,예보,병,참다래궤양병,,6호_2023 농작물 병해충 발생정보(제6호).pdf
2023,6,과수,예보,해충,복숭아순나방,,6호_2023 농작물 병해충 발생정보(제6호).pdf
2023,6,과수,예보,해충,진딧물류,,6호_2023 농작물 병해충 발생정보(제6호).pdf
2023,6,과수,예보,해충,응애류,,6호_2023 농작물 병해충 발생정보(제6호).pdf
2023,6,과수,예보,해충,잎말이나방,,6호_2023 농작물 병해충 발생정보(제6호).pdf
2023,6,과수,예보,해충,감꼭지나방,,6호_2023 농작물 병해충 발생정보(제6호).pdf
2023,7,식량작물,주의보,해충,열대거세미나방,옥수수,7호_2023 농작물 병해충 발생정보(제7호).pdf
2023,7,식량작물,예보,병,감자역병,고랭지씨감자,7호_2023 농작물 병해충 발생정보(제7호).pdf
2023,7,식량작물,예보,해충,멸강나방,,7호_2023 농작물 병해충 발생정보(제7호).pdf
2023,7,식량작물,예보,해충,조명나방,,7호_2023 농작물 병해충 발생정보(제7호).pdf
2023,7,식량작물,예보,해충,벼물바구미,,7호_2023 농작물 병해충 발생정보(제7호).pdf
2023,7,식량작물,예보,병,잎도열병,,7호_2023 농작물 병해충 발생정보(제7호).pdf
2023,7,채소,주의보,미분류,역병,,7호_2023 농작물 병해충 발생정보(제7호).pdf
2023,7,채소,주의보,미분류,탄저병,,7호_2023 농작물 병해충 발생정보(제7호).pdf
2023,7,채소,주의보,미분류,바이러스병,고추,7호_2023 농작물 병해충 발생정보(제7호).pdf
2023,7,채소,예보,병,역병,,7호_2023 농작물 병해충 발생정보(제7호).pdf
2023,7,채소,예보,병,바이러스병,고추,7호_2023 농작물 병해충 발생정보(제7호).pdf
2023,7,채소,예보,병,덩굴마름병,"참외,수박",7호_2023 농작물 병해충 발생정보(제7호).pdf
2023,7,채소,예보,해충,총채벌레류,,7호_2023 농작물 병해충 발생정보(제7호).pdf
2023,7,채소,예보,해충,가루이류,,7호_2023 농작물 병해충 발생정보(제7호).pdf
2023,7,채소,예보,해충,진딧물류,,7호_2023 농작물 병해충 발생정보(제7호).pdf
2023,7,채소,예보,바이러스,토마토반점위조바이러스,"토마토,고추,파프리카등",7호_2023 농작물 병해충 발생정보(제7호).pdf
2023,7,과수,주의보,병,과수화상병,,7호_2023 농작물 병해충 발생정보(제7호).pdf
2023,7,과수,주의보,병,과수가지검은마름병,,7호_2023 농작물 병해충 발생정보(제7호).pdf
2023,7,과수,주의보,병,탄저병,,7호_2023 농작물 병해충 발생정보(제7호).pdf
2023,7,과수,주의보,해충,갈색날개매미충,,7호_2023 농작물 병해충 발생정보(제7호).pdf
2023,7,과수,주의보,해충,미국선녀벌레,,7호_2023 농작물 병해충 발생정보(제7호).pdf
2023,7,과수,주의보,해충,꽃매미,,7호_2023 농작물 병해충 발생정보(제7호).pdf
2023,7,과수,주의보,해충,매미나방,,7호_2023 농작물 병해충 발생정보(제7호).pdf
2023,7,과수,예보,병,세균구멍병‧잿빛무늬병,복숭아,7호_2023 농작물 병해충 발생정보(제7호).pdf
2023,7,과수,예보,병,배검은별무늬병,,7호_2023 농작물 병해충 발생정보(제7호).pdf
2023,7,과수,예보,병,참다래궤양병,,7호_2023 농작물 병해충 발생정보(제7호).pdf
2023,7,과수,예보,병,포도새눈무늬병,,7호_2023 농작물 병해충 발생정보(제7호).pdf
2023,7,과수,예보,해충,잎말이나방,,7호_2023 농작물 병해충 발생정보(제7호).pdf
2023,7,과수,예보,해충,감꼭지나방,,7호_2023 농작물 병해충 발생정보(제7호).pdf
2023,7,과수,예보,해충,복숭아순나방,,7호_2023 농작물 병해충 발생정보(제7호).pdf
2023,7,과수,예보,해충,복숭아심식나방,,7호_2023 농작물 병해충 발생정보(제7호).pdf
2023,8,식량작물,주의보,해충,열대거세미나방,옥수수,8호_2023 농작물 병해충 발생정보(제8호).pdf
2023,8,식량작물,예보,병,감자역병,고랭지씨감자,8호_2023 농작물 병해충 발생정보(제8호).pdf
2023,8,식량작물,예보,병,잎도열병,,8호_2023 농작물 병해충 발생정보(제8호).pdf
2023,8,식량작물,예보,해충,먹노린재,,8호_2023 농작물 병해충 발생정보(제8호).pdf
2023,8,식량작물,예보,해충,멸강나방,,8호_2023 농작물 병해충 발생정보(제8호).pdf
2023,8,식량작물,예보,해충,벼물바구미,,8호_2023 농작물 병해충 발생정보(제8호).pdf
2023,8,식량작물,예보,해충,멸구류,,8호_2023 농작물 병해충 발생정보(제8호).pdf
2023,8,식량작물,예보,해충,혹명나방,,8호_2023 농작물 병해충 발생정보(제8호).pdf
2023,8,식량작물,예보,해충,애멸구,,8호_2023 농작물 병해충 발생정보(제8호).pdf
2023,8,채소,주의보,미분류,담배나방,,8호_2023 농작물 병해충 발생정보(제8호).pdf
2023,8,채소,주의보,미분류,파밤나방,,8호_2023 농작물 병해충 발생정보(제8호).pdf
2023,8,채소,주의보,미분류,역병,,8호_2023 농작물 병해충 발생정보(제8호).pdf
2023,8,채소,주의보,미분류,탄저병,,8호_2023 농작물 병해충 발생정보(제8호).pdf
2023,8,채소,주의보,미분류,바이러스병,고추,8호_2023 농작물 병해충 발생정보(제8호).pdf
2023,8,채소,예보,병,덩굴마름병,"참외,수박",8호_2023 농작물 병해충 발생정보(제8호).pdf
2023,8,채소,예보,해충,총채벌레류,,8호_2023 농작물 병해충 발생정보(제8호).pdf
2023,8,채소,예보,해충,가루이류,,8호_2023 농작물 병해충 발생정보(제8호).pdf
2023,8,채소,예보,해충,진딧물류,,8호_2023 농작물 병해충 발생정보(제8호).pdf
2023,8,채소,예보,바이러스,토마토반점위조바이러스,"토마토,고추,파프리카등",8호_2023 농작물 병해충 발생정보(제8호).pdf
2023,8,과수,주의보,병,과수화상병,,8호_2023 농작물 병해충 발생정보(제8호).pdf
2023,8,과수,주의보,병,과수가지검은마름병,,8호_2023 농작물 병해충 발생정보(제8호).pdf
2023,8,과수,주의보,병,탄저병,,8호_2023 농작물 병해충 발생정보(제8호).pdf
2023,8,과수,주의보,병,복숭아세균,,8호_2023 농작물 병해충 발생정보(제8호).pdf
2023,8,과수,주의보,해충,갈색날개매미충,,8호_2023 농작물 병해충 발생정보(제8호).pdf
2023,8,과수,주의보,해충,미국선녀벌레,,8호_2023 농작물 병해충 발생정보(제8호).pdf
2023,8,과수,주의보,해충,꽃매미,,8호_2023 농작물 병해충 발생정보(제8호).pdf
2023,8,과수,주의보,해충,복숭아심식나방,,8호_2023 농작물 병해충 발생정보(제8호).pdf
2023,8,과수,예보,병,잿빛무늬병,,8호_2023 농작물 병해충 발생정보(제8호).pdf
2023,8,과수,예보,병,포도새눈무늬병,,8호_2023 농작물 병해충 발생정보(제8호).pdf
2023,8,과수,예보,병,참다래궤양병,,8호_2023 농작물 병해충 발생정보(제8호).pdf
2023,8,과수,예보,해충,복숭아순나방,,8호_2023 농작물 병해충 발생정보(제8호).pdf
2023,8,과수,예보,해충,잎말이나방,,8호_2023 농작물 병해충 발생정보(제8호).pdf
2023,8,과수,예보,해충,감꼭지나방,,8호_2023 농작물 병해충 발생정보(제8호).pdf
2023,9,식량작물,주의보,해충,열대거세미나방,옥수수,9호_2023 농작물 병해충 발생정보(제9호).pdf
2023,9,식량작물,주의보,해충,멸강나방,옥수수,9호_2023 농작물 병해충 발생정보(제9호).pdf
2023,9,식량작물,주의보,해충,혹명나방,,9호_2023 농작물 병해충 발생정보(제9호).pdf
2023,9,식량작물,주의보,해충,멸구류,,9호_2023 농작물 병해충 발생정보(제9호).pdf
2023,9,채소,주의보,해충,담배나방,고추,9호_2023 농작물 병해충 발생정보(제9호).pdf
2023,9,채소,주의보,병,역병‧탄저병‧바이러스병,채소,9호_2023 농작물 병해충 발생정보(제9호).pdf
2023,9,채소,주의보,병,고랭지무,,9호_2023 농작물 병해충 발생정보(제9호).pdf
2023,9,채소,주의보,병,배추무름병,,9호_2023 농작물 병해충 발생정보(제9호).pdf
2023,9,채소,주의보,병,뿌리혹병,,9호_2023 농작물 병해충 발생정보(제9호).pdf
2023,9,채소,예보,해충,진딧물류,,9호_2023 농작물 병해충 발생정보(제9호).pdf
2023,9,채소,예보,해충,총채벌레,,9호_2023 농작물 병해충 발생정보(제9호).pdf
2023,9,채소,예보,해충,응애류,,9호_2023 농작물 병해충 발생정보(제9호).pdf
2023,9,채소,예보,해충,가루이류,,9호_2023 농작물 병해충 발생정보(제9호).pdf
2023,9,과수,주의보,병,과수화상병,,9호_2023 농작물 병해충 발생정보(제9호).pdf
2023,9,과수,주의보,병,과수가지검은마름병,,9호_2023 농작물 병해충 발생정보(제9호).pdf
2023,9,과수,주의보,병,사과탄저병,,9호_2023 농작물 병해충 발생정보(제9호).pdf
2023,9,과수,주의보,병,사과갈색무늬병,,9호_2023 농작물 병해충 발생정보(제9호).pdf
2023,9,과수,주의보,해충,복숭아심식나방,,9호_2023 농작물 병해충 발생정보(제9호).pdf
2023,9,과수,주의보,해충,복숭아순나방,,9호_2023 농작물 병해충 발생정보(제9호).pdf
2023,9,과수,주의보,해충,갈색날개매미충,,9호_2023 농작물 병해충 발생정보(제9호).pdf
2023,9,과수,주의보,해충,미국선녀벌레,,9호_2023 농작물 병해충 발생정보(제9호).pdf
2023,9,과수,주의보,해충,꽃매미,,9호_2023 농작물 병해충 발생정보(제9호).pdf
2023,9,과수,예보,병,점무늬낙엽병,,9호_2023 농작물 병해충 발생정보(제9호).pdf
2023,9,과수,예보,병,포도새눈무늬병,,9호_2023 농작물 병해충 발생정보(제9호).pdf
2023,9,과수,예보,병,갈색무늬병,,9호_2023 농작물 병해충 발생정보(제9호).pdf
2023,9,과수,예보,병,노균병,,9호_2023 농작물 병해충 발생정보(제9호).pdf
2023,9,과수,예보,해충,응애류,,9호_2023 농작물 병해충 발생정보(제9호).pdf
2023,9,과수,예보,해충,노린재류,,9호_2023 농작물 병해충 발생정보(제9호).pdf
2024,10,식량작물,주의보,병,이삭도열병,,10호_2024 농작물 병해충 발생정보(제10호) vf.pdf
2024,10,식량작물,주의보,병,잎집무늬마름병,,10호_2024 농작물 병해충 발생정보(제10호) vf.pdf
2024,10,식량작물,주의보,병,흰잎마름병,,10호_2024 농작물 병해충 발생정보(제10호) vf.pdf
2024,10,식량작물,주의보,병,세균벼알마름병,,10호_2024 농작물 병해충 발생정보(제10호) vf.pdf
2024,10,식량작물,주의보,해충,혹명나방,,10호_2024 농작물 병해충 발생정보(제10호) vf.pdf
2024,10,식량작물,주의보,해충,벼멸구,,10호_2024 농작물 병해충 발생정보(제10호) vf.pdf
2024,10,식량작물,주의보,해충,흰등멸구,,10호_2024 농작물 병해충 발생정보(제10호) vf.pdf
2024,10,식량작물,주의보,해충,열대거세미나방,,10호_2024 농작물 병해충 발생정보(제10호) vf.pdf
2024,10,식량작물,주의보,해충,먹노린재,,10호_2024 농작물 병해충 발생정보(제10호) vf.pdf
2024,10,채소,주의보,병,역병‧탄저병‧바이러스,,10호_2024 농작물 병해충 발생정보(제10호) vf.pdf
2024,10,채소,주의보,병,고랭지무,,10호_2024 농작물 병해충 발생정보(제10호) vf.pdf
2024,10,채소,주의보,병,배추무름병,,10호_2024 농작물 병해충 발생정보(제10호) vf.pdf
2024,10,채소,주의보,병,뿌리혹병,,10호_2024 농작물 병해충 발생정보(제10호) vf.pdf
2024,10,채소,주의보,해충,담배나방,,10호_2024 농작물 병해충 발생정보(제10호) vf.pdf
2024,10,채소,주의보,해충,파밤나방,,10호_2024 농작물 병해충 발생정보(제10호) vf.pdf
2024,10,과수,경보,병,탄저병,,10호_2024 농작물 병해충 발생정보(제10호) vf.pdf
2024,10,과수,주의보,병,과수화상병,,10호_2024 농작물 병해충 발생정보(제10호) vf.pdf
2024,10,과수,주의보,병,과수가지검은마름병,,10호_2024 농작물 병해충 발생정보(제10호) vf.pdf
2024,10,과수,주의보,병,사과갈색무늬병,,10호_2024 농작물 병해충 발생정보(제10호) vf.pdf
2024,10,과수,주의보,병,점무늬낙엽병,,10호_2024 농작물 병해충 발생정보(제10호) vf.pdf
2024,10,과수,주의보,해충,복숭아순나방,,10호_2024 농작물 병해충 발생정보(제10호) vf.pdf
2024,10,과수,주의보,해충,복숭아심식나방,,10호_2024 농작물 병해충 발생정보(제10호) vf.pdf
2024,10,과수,주의보,해충,갈색날개매미충,,10호_2024 농작물 병해충 발생정보(제10호) vf.pdf
2024,10,과수,주의보,해충,미국선녀벌레,,10호_2024 농작물 병해충 발생정보(제10호) vf.pdf
2024,10,과수,주의보,해충,꽃매미,,10호_2024 농작물 병해충 발생정보(제10호) vf.pdf
2024,11,식량작물,주의보,병,이삭도열병,,11호_2024 농작물 병해충 발생정보(제11호)vf.pdf
2024,11,식량작물,주의보,병,잎집무늬마름병,,11호_2024 농작물 병해충 발생정보(제11호)vf.pdf
2024,11,식량작물,주의보,병,흰잎마름병,,11호_2024 농작물 병해충 발생정보(제11호)vf.pdf
2024,11,식량작물,주의보,병,세균벼알마름병,,11호_2024 농작물 병해충 발생정보(제11호)vf.pdf
2024,11,식량작물,주의보,해충,혹명나방,,11호_2024 농작물 병해충 발생정보(제11호)vf.pdf
2024,11,식량작물,주의보,해충,흰등멸구,,11호_2024 농작물 병해충 발생정보(제11호)vf.pdf
2024,11,식량작물,주의보,해충,열대거세미나방,,11호_2024 농작물 병해충 발생정보(제11호)vf.pdf
2024,11,식량작물,예보,해충,먹노린재,,11호_2024 농작물 병해충 발생정보(제11호)vf.pdf
2024,11,식량작물,예보,해충,벼멸구,,11호_2024 농작물 병해충 발생정보(제11호)vf.pdf
2024,11,채소,주의보,병,고랭지무,,11호_2024 농작물 병해충 발생정보(제11호)vf.pdf
2024,11,채소,주의보,병,배추무름병,,11호_2024 농작물 병해충 발생정보(제11호)vf.pdf
2024,11,채소,주의보,병,뿌리혹병,,11호_2024 농작물 병해충 발생정보(제11호)vf.pdf
2024,11,채소,주의보,병,바이러스,,11호_2024 농작물 병해충 발생정보(제11호)vf.pdf
2024,11,채소,주의보,병,역병,,11호_2024 농작물 병해충 발생정보(제11호)vf.pdf
2024,11,채소,주의보,병,탄저병,,11호_2024 농작물 병해충 발생정보(제11호)vf.pdf
2024,11,채소,주의보,해충,고추담배나방,,11호_2024 농작물 병해충 발생정보(제11호)vf.pdf
2024,11,채소,주의보,해충,파밤나방,,11호_2024 농작물 병해충 발생정보(제11호)vf.pdf
2024,11,채소,예보,해충,총채벌레류,,11호_2024 농작물 병해충 발생정보(제11호)vf.pdf
2024,11,채소,예보,해충,응애류,,11호_2024 농작물 병해충 발생정보(제11호)vf.pdf
2024,11,채소,예보,해충,가루이류,,11호_2024 농작물 병해충 발생정보(제11호)vf.pdf
2024,11,채소,예보,해충,진딧물류,,11호_2024 농작물 병해충 발생정보(제11호)vf.pdf
2024,11,과수,경보,병,탄저병,,11호_2024 농작물 병해충 발생정보(제11호)vf.pdf
2024,11,과수,주의보,병,과수화상병,,11호_2024 농작물 병해충 발생정보(제11호)vf.pdf
2024,11,과수,주의보,병,과수가지검은마름병,,11호_2024 농작물 병해충 발생정보(제11호)vf.pdf
2024,11,과수,주의보,병,점무늬낙엽병,,11호_2024 농작물 병해충 발생정보(제11호)vf.pdf
2024,11,과수,주의보,병,사과갈색무늬,,11호_2024 농작물 병해충 발생정보(제11호)vf.pdf
2024,11,과수,주의보,해충,복숭아심식나방,,11호_2024 농작물 병해충 발생정보(제11호)vf.pdf
2024,11,과수,주의보,해충,복숭아순나방,,11호_2024 농작물 병해충 발생정보(제11호)vf.pdf
2024,11,과수,주의보,해충,갈색날개매미충,,11호_2024 농작물 병해충 발생정보(제11호)vf.pdf
2024,11,과수,주의보,해충,미국선녀벌레,,11호_2024 농작물 병해충 발생정보(제11호)vf.pdf
2024,11,과수,주의보,해충,꽃매미,,11호_2024 농작물 병해충 발생정보(제11호)vf.pdf
2024,11,과수,예보,병,포도새눈무늬병,,11호_2024 농작물 병해충 발생정보(제11호)vf.pdf
2024,11,과수,예보,병,갈색무늬병,,11호_2024 농작물 병해충 발생정보(제11호)vf.pdf
2024,11,과수,예보,해충,응애류,,11호_2024 농작물 병해충 발생정보(제11호)vf.pdf
2024,11,과수,예보,해충,노린재류,,11호_2024 농작물 병해충 발생정보(제11호)vf.pdf
2024,12,식량작물,주의보,병,흰잎마름병,,12호_2024 농작물 병해충 발생정보(제12호)vF.pdf
2024,12,식량작물,주의보,병,세균벼알마름병,,12호_2024 농작물 병해충 발생정보(제12호)vF.pdf
2024,12,식량작물,주의보,병,깨씨무늬병,,12호_2024 농작물 병해충 발생정보(제12호)vF.pdf
2024,12,식량작물,주의보,병,잎집무늬마름병,,12호_2024 농작물 병해충 발생정보(제12호)vF.pdf
2024,12,식량작물,주의보,병,이삭도열병,,12호_2024 농작물 병해충 발생정보(제12호)vF.pdf
2024,12,식량작물,주의보,해충,혹명나방,,12호_2024 농작물 병해충 발생정보(제12호)vF.pdf
2024,12,식량작물,주의보,해충,흰등멸구,,12호_2024 농작물 병해충 발생정보(제12호)vF.pdf
2024,12,식량작물,주의보,해충,벼멸구,,12호_2024 농작물 병해충 발생정보(제12호)vF.pdf
2024,12,식량작물,주의보,해충,열대거세미나방,,12호_2024 농작물 병해충 발생정보(제12호)vF.pdf
2024,12,식량작물,예보,해충,노린재,,12호_2024 농작물 병해충 발생정보(제12호)vF.pdf
2024,12,채소,주의보,병,바이러스‧역병‧탄저병,,12호_2024 농작물 병해충 발생정보(제12호)vF.pdf
2024,12,채소,주의보,병,고랭지무,,12호_2024 농작물 병해충 발생정보(제12호)vF.pdf
2024,12,채소,주의보,병,배추무름병,,12호_2024 농작물 병해충 발생정보(제12호)vF.pdf
2024,12,채소,주의보,병,뿌리혹병,,12호_2024 농작물 병해충 발생정보(제12호)vF.pdf
2024,12,채소,주의보,해충,고추담배나방,,12호_2024 농작물 병해충 발생정보(제12호)vF.pdf
2024,12,채소,예보,해충,총채벌레,,12호_2024 농작물 병해충 발생정보(제12호)vF.pdf
2024,12,채소,예보,해충,응애류,,12호_2024 농작물 병해충 발생정보(제12호)vF.pdf
2024,12,채소,예보,해충,가루이류,,12호_2024 농작물 병해충 발생정보(제12호)vF.pdf
2024,12,채소,예보,해충,진딧물류,,12호_2024 농작물 병해충 발생정보(제12호)vF.pdf
2024,12,과수,주의보,병,탄저병,,12호_2024 농작물 병해충 발생정보(제12호)vF.pdf
2024,12,과수,주의보,병,과수화상병,,12호_2024 농작물 병해충 발생정보(제12호)vF.pdf
2024,12,과수,주의보,병,점무늬낙엽병,,12호_2024 농작물 병해충 발생정보(제12호)vF.pdf
2024,12,과수,주의보,병,포도노균병,,12호_2024 농작물 병해충 발생정보(제12호)vF.pdf
2024,12,과수,주의보,해충,복숭아순나방,,12호_2024 농작물 병해충 발생정보(제12호)vF.pdf
2024,12,과수,주의보,해충,복숭아심식나방,,12호_2024 농작물 병해충 발생정보(제12호)vF.pdf
2024,12,과수,예보,병,포도새눈무늬병,,12호_2024 농작물 병해충 발생정보(제12호)vF.pdf
2024,12,과수,예보,병,갈색무늬병,,12호_2024 농작물 병해충 발생정보(제12호)vF.pdf
2024,12,과수,예보,해충,응애류,,12호_2024 농작물 병해충 발생정보(제12호)vF.pdf
2024,12,과수,예보,해충,노린재류,,12호_2024 농작물 병해충 발생정보(제12호)vF.pdf
2024,13,식량작물,주의보,해충,벼멸구,,13호_2024 농작물 병해충 발생정보(제13호)vf.pdf
2024,13,식량작물,예보,병,붉은곰팡이병,,13호_2024 농작물 병해충 발생정보(제13호)vf.pdf
2024,13,식량작물,예보,병,깜부기병,종자소독,13호_2024 농작물 병해충 발생정보(제13호)vf.pdf
2024,13,채소,주의보,병,배추뿌리혹병,,13호_2024 농작물 병해충 발생정보(제13호)vf.pdf
2024,13,채소,주의보,병,노균병,,13호_2024 농작물 병해충 발생정보(제13호)vf.pdf
2024,13,채소,주의보,병,바이러스,,13호_2024 농작물 병해충 발생정보(제13호)vf.pdf
2024,13,채소,예보,해충,파밤나방,,13호_2024 농작물 병해충 발생정보(제13호)vf.pdf
2024,13,채소,예보,해충,담배거세미나방,,13호_2024 농작물 병해충 발생정보(제13호)vf.pdf
2024,13,채소,예보,해충,목화바둑명나방,,13호_2024 농작물 병해충 발생정보(제13호)vf.pdf
2024,13,채소,예보,해충,시설채소총채벌레,,13호_2024 농작물 병해충 발생정보(제13호)vf.pdf
2024,13,채소,예보,해충,응애,,13호_2024 농작물 병해충 발생정보(제13호)vf.pdf
2024,13,채소,예보,해충,진딧물,,13호_2024 농작물 병해충 발생정보(제13호)vf.pdf
2024,13,채소,예보,해충,작은뿌리파리,,13호_2024 농작물 병해충 발생정보(제13호)vf.pdf
2024,13,과수,주의보,병,과수화상병,,13호_2024 농작물 병해충 발생정보(제13호)vf.pdf
2024,13,과수,주의보,병,탄저병,,13호_2024 농작물 병해충 발생정보(제13호)vf.pdf
2024,13,과수,주의보,해충,미국선녀벌레,,13호_2024 농작물 병해충 발생정보(제13호)vf.pdf
2024,13,과수,주의보,해충,갈색날개매미충,,13호_2024 농작물 병해충 발생정보(제13호)vf.pdf
2024,13,과수,주의보,해충,꽃매미,,13호_2024 농작물 병해충 발생정보(제13호)vf.pdf
2024,13,과수,예보,해충,노린재류,,13호_2024 농작물 병해충 발생정보(제13호)vf.pdf
2024,13,과수,예보,해충,주경배나무이,,13호_2024 농작물 병해충 발생정보(제13호)vf.pdf
2024,14,식량작물,예보,병,붉은곰팡이병,,14호_2024 농작물 병해충 발생정보(제14호) vf.pdf
2024,14,식량작물,예보,병,깜부기병,종자소독,14호_2024 농작물 병해충 발생정보(제14호) vf.pdf
2024,14,채소,주의보,병,배추뿌리혹병,,14호_2024 농작물 병해충 발생정보(제14호) vf.pdf
2024,14,채소,주의보,병,무름병,,14호_2024 농작물 병해충 발생정보(제14호) vf.pdf
2024,14,채소,주의보,해충,토마토뿔나방,,14호_2024 농작물 병해충 발생정보(제14호) vf.pdf
2024,14,채소,예보,병,흰가루병,,14호_2024 농작물 병해충 발생정보(제14호) vf.pdf
2024,14,채소,예보,병,잿빛곰팡이병,,14호_2024 농작물 병해충 발생정보(제14호) vf.pdf
2024,14,채소,예보,병,노균병,,14호_2024 농작물 병해충 발생정보(제14호) vf.pdf
2024,14,채소,예보,병,토마토반점위조바이러스,,14호_2024 농작물 병해충 발생정보(제14호) vf.pdf
2024,14,채소,예보,병,토마토황화잎말림병,,14호_2024 농작물 병해충 발생정보(제14호) vf.pdf
2024,14,채소,예보,병,당근검은잎마름병,,14호_2024 농작물 병해충 발생정보(제14호) vf.pdf
2024,14,채소,예보,해충,총채벌레류,,14호_2024 농작물 병해충 발생정보(제14호) vf.pdf
2024,14,채소,예보,해충,가루이류,,14호_2024 농작물 병해충 발생정보(제14호) vf.pdf
2024,14,채소,예보,해충,진딧물류,,14호_2024 농작물 병해충 발생정보(제14호) vf.pdf
2024,14,채소,예보,해충,응애류,,14호_2024 농작물 병해충 발생정보(제14호) vf.pdf
2024,14,채소,예보,해충,작은뿌리파리,,14호_2024 농작물 병해충 발생정보(제14호) vf.pdf
2024,14,과수,주의보,병,과수화상병,,14호_2024 농작물 병해충 발생정보(제14호) vf.pdf
2024,14,과수,주의보,병,탄저병,,14호_2024 농작물 병해충 발생정보(제14호) vf.pdf
2024,15,시설채소,예보,병,잿빛곰팡이병,,15호_2024 농작물 병해충 발생정보(제15호) vf.pdf
2024,15,시설채소,예보,병,균핵병,,15호_2024 농작물 병해충 발생정보(제15호) vf.pdf
2024,15,시설채소,예보,병,흰가루병,,15호_2024 농작물 병해충 발생정보(제15호) vf.pdf
2024,15,시설채소,예보,병,노균병,,15호_2024 농작물 병해충 발생정보(제15호) vf.pdf
2024,15,시설채소,예보,병,딸기꽃곰팡이병,,15호_2024 농작물 병해충 발생정보(제15호) vf.pdf
2024,15,시설채소,예보,병,딸기세균모무늬병,,15호_2024 농작물 병해충 발생정보(제15호) vf.pdf
2024,15,시설채소,예보,바이러스,토마토반점위조바이러스,,15호_2024 농작물 병해충 발생정보(제15호) vf.pdf
2024,15,시설채소,예보,바이러스,토마토황화잎말림병,,15호_2024 농작물 병해충 발생정보(제15호) vf.pdf
2024,15,시설채소,예보,바이러스,쥬키니황화모자이크바이러스,,15호_2024 농작물 병해충 발생정보(제15호) vf.pdf
2024,15,시설채소,예보,해충,총채벌레류,,15호_2024 농작물 병해충 발생정보(제15호) vf.pdf
2024,15,시설채소,예보,해충,가루이류,,15호_2024 농작물 병해충 발생정보(제15호) vf.pdf
2024,15,시설채소,예보,해충,진딧물류,,15호_2024 농작물 병해충 발생정보(제15호) vf.pdf
2024,15,시설채소,예보,해충,응애류,,15호_2024 농작물 병해충 발생정보(제15호) vf.pdf
2024,15,시설채소,예보,해충,작은뿌리파리,,15호_2024 농작물 병해충 발생정보(제15호) vf.pdf
2024,15,과수,예보,병,과수화상병,,15호_2024 농작물 병해충 발생정보(제15호) vf.pdf
2024,15,과수,예보,병,과수가지검은마름병,,15호_2024 농작물 병해충 발생정보(제15호) vf.pdf
2024,1,시설채소,예보,병,잿빛곰팡이병,,1호_2024 농작물 병해충 발생정보(제1호).pdf
2024,1,시설채소,예보,병,균핵병,,1호_2024 농작물 병해충 발생정보(제1호).pdf
2024,1,시설채소,예보,병,흰가루병,,1호_2024 농작물 병해충 발생정보(제1호).pdf
2024,1,시설채소,예보,병,노균병,,1호_2024 농작물 병해충 발생정보(제1호).pdf
2024,1,시설채소,예보,병,딸기꽃곰팡이병,,1호_2024 농작물 병해충 발생정보(제1호).pdf
2024,1,시설채소,예보,병,딸기세균모무늬병,,1호_2024 농작물 병해충 발생정보(제1호).pdf
2024,1,시설채소,예보,병,토마토반점위조바이러스,,1호_2024 농작물 병해충 발생정보(제1호).pdf
2024,1,시설채소,예보,병,토마토황화잎말림병,,1호_2024 농작물 병해충 발생정보(제1호).pdf
2024,1,시설채소,예보,병,쥬키니황화모자이크바이러스,,1호_2024 농작물 병해충 발생정보(제1호).pdf
2024,1,시설채소,예보,해충,총채벌레류,,1호_2024 농작물 병해충 발생정보(제1호).pdf
2024,1,시설채소,예보,해충,가루이류,,1호_2024 농작물 병해충 발생정보(제1호).pdf
2024,1,시설채소,예보,해충,진딧물류,,1호_2024 농작물 병해충 발생정보(제1호).pdf
2024,1,시설채소,예보,해충,응애류,,1호_2024 농작물 병해충 발생정보(제1호).pdf
2024,1,시설채소,예보,해충,작은뿌리파리,,1호_2024 농작물 병해충 발생정보(제1호).pdf
2024,1,과수,예보,병,과수화상병,,1호_2024 농작물 병해충 발생정보(제1호).pdf
2024,1,과수,예보,병,과수가지검은마름병,,1호_2024 농작물 병해충 발생정보(제1호).pdf
2024,2,채소,예보,병,잿빛곰팡이병,,2호_2024 농작물 병해충 발생정보(제2호).pdf
2024,2,채소,예보,병,균핵병,,2호_2024 농작물 병해충 발생정보(제2호).pdf
2024,2,채소,예보,병,흰가루병,,2호_2024 농작물 병해충 발생정보(제2호).pdf
2024,2,채소,예보,병,딸기꽃곰팡이병,,2호_2024 농작물 병해충 발생정보(제2호).pdf
2024,2,채소,예보,병,딸기세균,,2호_2024 농작물 병해충 발생정보(제2호).pdf
2024,2,채소,예보,해충,총채벌레류,,2호_2024 농작물 병해충 발생정보(제2호).pdf
2024,2,채소,예보,해충,가루이류,,2호_2024 농작물 병해충 발생정보(제2호).pdf
2024,2,채소,예보,해충,진딧물,,2호_2024 농작물 병해충 발생정보(제2호).pdf
2024,2,채소,예보,해충,응애류,,2호_2024 농작물 병해충 발생정보(제2호).pdf
2024,2,채소,예보,해충,작은뿌리파리,,2호_2024 농작물 병해충 발생정보(제2호).pdf
2024,2,채소,예보,해충,고자리파리,,2호_2024 농작물 병해충 발생정보(제2호).pdf
2024,2,채소,예보,바이러스,토마토반점위조바이러스,,2호_2024 농작물 병해충 발생정보(제2호).pdf
2024,2,채소,예보,바이러스,토마토황화잎말림바이러스,,2호_2024 농작물 병해충 발생정보(제2호).pdf
2024,2,채소,예보,바이러스,쥬키니황화모자이크바이러스,,2호_2024 농작물 병해충 발생정보(제2호).pdf
2024,2,과수,예보,병,과수화상병,,2호_2024 농작물 병해충 발생정보(제2호).pdf
2024,2,과수,예보,병,과수가지검은마름병,,2호_2024 농작물 병해충 발생정보(제2호).pdf
2024,2,과수,예보,해충,주경배나무이,,2호_2024 농작물 병해충 발생정보(제2호).pdf
2024,3,채소,주의보,미분류,노균병,양파,3호_2024 농작물 병해충 발생정보(제3호).pdf
2024,3,채소,주의보,미분류,흑색썩음균핵병,"마늘,양파",3호_2024 농작물 병해충 발생정보(제3호).pdf
2024,3,채소,예보,병,모잘록병,,3호_2024 농작물 병해충 발생정보(제3호).pdf
2024,3,채소,예보,병,잿빛곰팡이병,,3호_2024 농작물 병해충 발생정보(제3호).pdf
2024,3,채소,예보,병,흰가루병,,3호_2024 농작물 병해충 발생정보(제3호).pdf
2024,3,채소,예보,병,노균병,,3호_2024 농작물 병해충 발생정보(제3호).pdf
2024,3,채소,예보,병,역병,,3호_2024 농작물 병해충 발생정보(제3호).pdf
2024,3,채소,예보,병,흑색썩음균핵병,,3호_2024 농작물 병해충 발생정보(제3호).pdf
2024,3,채소,예보,해충,총채벌레류,,3호_2024 농작물 병해충 발생정보(제3호).pdf
2024,3,채소,예보,해충,가루이류,,3호_2024 농작물 병해충 발생정보(제3호).pdf
2024,3,채소,예보,해충,진딧물,,3호_2024 농작물 병해충 발생정보(제3호).pdf
2024,3,채소,예보,해충,응애류,,3호_2024 농작물 병해충 발생정보(제3호).pdf
2024,3,채소,예보,해충,작은뿌리파리,,3호_2024 농작물 병해충 발생정보(제3호).pdf
2024,3,채소,예보,바이러스,토마토반점위조바이러스,,3호_2024 농작물 병해충 발생정보(제3호).pdf
2024,3,채소,예보,바이러스,토마토황화잎말림바이러스,,3호_2024 농작물 병해충 발생정보(제3호).pdf
2024,3,채소,예보,바이러스,쥬키니황화모자이크바이러스,,3호_2024 농작물 병해충 발생정보(제3호).pdf
2024,3,과수,예보,병,과수화상병,,3호_2024 농작물 병해충 발생정보(제3호).pdf
2024,3,과수,예보,병,과수가지검은마름병,,3호_2024 농작물 병해충 발생정보(제3호).pdf
2024,3,과수,예보,해충,주경배나무이,,3호_2024 농작물 병해충 발생정보(제3호).pdf
2024,4,식량작물,주의보,미분류,맥류붉은곰팡이병,,4호_2024 농작물 병해충 발생정보(제4호) vf.pdf
2024,4,식량작물,예보,미분류,종자전염성병,"키다리병,도열병,깨씨무늬병",4호_2024 농작물 병해충 발생정보(제4호) vf.pdf
2024,4,식량작물,예보,미분류,모잘록병,,4호_2024 농작물 병해충 발생정보(제4호) vf.pdf
2024,4,식량작물,예보,미분류,뜸모,,4호_2024 농작물 병해충 발생정보(제4호) vf.pdf
2024,4,채소,주의보,미분류,노균병,양파,4호_2024 농작물 병해충 발생정보(제4호) vf.pdf
2024,4,채소,예보,병,잎마름병,"마늘,양파",4호_2024 농작물 병해충 발생정보(제4호) vf.pdf
2024,4,채소,예보,병,흑색썩음균핵병,"마늘,양파",4호_2024 농작물 병해충 발생정보(제4호) vf.pdf
2024,4,채소,예보,병,"잿빛곰팡이병(딸기,",,4호_2024 농작물 병해충 발생정보(제4호) vf.pdf
2024,4,채소,예보,병,오이,,4호_2024 농작물 병해충 발생정보(제4호) vf.pdf
2024,4,채소,예보,병,토마토,,4호_2024 농작물 병해충 발생정보(제4호) vf.pdf
2024,4,채소,예보,병,상추,,4호_2024 농작물 병해충 발생정보(제4호) vf.pdf
2024,4,채소,예보,병,흰가루병,"딸기,오이,메론등",4호_2024 농작물 병해충 발생정보(제4호) vf.pdf
2024,4,채소,예보,병,토마토궤양병,,4호_2024 농작물 병해충 발생정보(제4호) vf.pdf
2024,4,채소,예보,해충,고자리파리,"마늘,양파",4호_2024 농작물 병해충 발생정보(제4호) vf.pdf
2024,4,채소,예보,해충,뿌리응애,"마늘,양파",4호_2024 농작물 병해충 발생정보(제4호) vf.pdf
2024,4,채소,예보,해충,총채벌레류,,4호_2024 농작물 병해충 발생정보(제4호) vf.pdf
2024,4,채소,예보,해충,가루이류,,4호_2024 농작물 병해충 발생정보(제4호) vf.pdf
2024,4,채소,예보,해충,진딧물,,4호_2024 농작물 병해충 발생정보(제4호) vf.pdf
2024,4,채소,예보,해충,응애류,,4호_2024 농작물 병해충 발생정보(제4호) vf.pdf
2024,4,채소,예보,바이러스,토마토반점위조바이러스,"토마토,고추,파프리카등",4호_2024 농작물 병해충 발생정보(제4호) vf.pdf
2024,4,과수,주의보,미분류,과수화상병,"사과,배",4호_2024 농작물 병해충 발생정보(제4호) vf.pdf
2024,4,과수,예보,병,검은별무늬병,"사과,배",4호_2024 농작물 병해충 발생정보(제4호) vf.pdf
2024,4,과수,예보,병,참다래궤양병,,4호_2024 농작물 병해충 발생정보(제4호) vf.pdf
2024,4,과수,예보,해충,나무좀류,"사과,복숭아",4호_2024 농작물 병해충 발생정보(제4호) vf.pdf
2024,4,과수,예보,해충,사과응애,사과,4호_2024 농작물 병해충 발생정보(제4호) vf.pdf
2024,4,과수,예보,해충,복숭아씨살이좀벌,복숭아,4호_2024 농작물 병해충 발생정보(제4호) vf.pdf
2024,5,식량작물,주의보,병,붉은곰팡이병,맥류,5호_2024 농작물 병해충 발생정보(제5호)vf.pdf
2024,5,식량작물,주의보,해충,열대거세미나방,옥수수등,5호_2024 농작물 병해충 발생정보(제5호)vf.pdf
2024,5,식량작물,예보,병,모마름병,,5호_2024 농작물 병해충 발생정보(제5호)vf.pdf
2024,5,식량작물,예보,병,뜸모,,5호_2024 농작물 병해충 발생정보(제5호)vf.pdf
2024,5,식량작물,예보,해충,애멸구,,5호_2024 농작물 병해충 발생정보(제5호)vf.pdf
2024,5,식량작물,예보,해충,멸강나방,,5호_2024 농작물 병해충 발생정보(제5호)vf.pdf
2024,5,채소,주의보,병,잎마름병,"마늘,양파",5호_2024 농작물 병해충 발생정보(제5호)vf.pdf
2024,5,채소,주의보,병,노균병,양파,5호_2024 농작물 병해충 발생정보(제5호)vf.pdf
2024,5,채소,주의보,병,흑색썩음균핵병,"마늘,양파",5호_2024 농작물 병해충 발생정보(제5호)vf.pdf
2024,5,채소,주의보,해충,고자리파리,"마늘,양파",5호_2024 농작물 병해충 발생정보(제5호)vf.pdf
2024,5,채소,주의보,해충,뿌리응애,"마늘,양파",5호_2024 농작물 병해충 발생정보(제5호)vf.pdf
2024,5,채소,예보,병,역병,,5호_2024 농작물 병해충 발생정보(제5호)vf.pdf
2024,5,채소,예보,병,탄저병,고추,5호_2024 농작물 병해충 발생정보(제5호)vf.pdf
2024,5,채소,예보,병,흰가루병,"딸기,오이,메론등",5호_2024 농작물 병해충 발생정보(제5호)vf.pdf
2024,5,채소,예보,병,잿빛곰팡이병,,5호_2024 농작물 병해충 발생정보(제5호)vf.pdf
2024,5,채소,예보,해충,총채벌레류,,5호_2024 농작물 병해충 발생정보(제5호)vf.pdf
2024,5,채소,예보,해충,가루이류,,5호_2024 농작물 병해충 발생정보(제5호)vf.pdf
2024,5,채소,예보,해충,진딧물,,5호_2024 농작물 병해충 발생정보(제5호)vf.pdf
2024,5,채소,예보,해충,응애류,,5호_2024 농작물 병해충 발생정보(제5호)vf.pdf
2024,5,채소,예보,바이러스,토마토반점위조바이러스,"토마토,고추,파프리카등",5호_2024 농작물 병해충 발생정보(제5호)vf.pdf
2024,5,과수,주의보,병,과수화상병,,5호_2024 농작물 병해충 발생정보(제5호)vf.pdf
2024,5,과수,주의보,해충,갈색날개매미충,,5호_2024 농작물 병해충 발생정보(제5호)vf.pdf
2024,5,과수,주의보,해충,미국선녀벌레,,5호_2024 농작물 병해충 발생정보(제5호)vf.pdf
2024,5,과수,주의보,해충,꽃매미,,5호_2024 농작물 병해충 발생정보(제5호)vf.pdf
2024,5,과수,예보,병,참다래궤양병,,5호_2024 농작물 병해충 발생정보(제5호)vf.pdf
2024,5,과수,예보,병,붉은별무늬병,"사과,배",5호_2024 농작물 병해충 발생정보(제5호)vf.pdf
2024,5,과수,예보,병,검은별무늬병,"배,복숭아등",5호_2024 농작물 병해충 발생정보(제5호)vf.pdf
2024,5,과수,예보,병,탄저병,"사과,복숭아등",5호_2024 농작물 병해충 발생정보(제5호)vf.pdf
2024,5,과수,예보,해충,나무좀,,5호_2024 농작물 병해충 발생정보(제5호)vf.pdf
2024,5,과수,예보,해충,진딧물류,,5호_2024 농작물 병해충 발생정보(제5호)vf.pdf
2024,5,과수,예보,해충,가루깍지벌레,,5호_2024 농작물 병해충 발생정보(제5호)vf.pdf
2024,5,과수,예보,해충,복숭아씨살이좀벌,,5호_2024 농작물 병해충 발생정보(제5호)vf.pdf
2024,5,과수,예보,해충,복숭아순나방,,5호_2024 농작물 병해충 발생정보(제5호)vf.pdf
2024,6,식량작물,주의보,미분류,열대거세미나방,옥수수,6호_2024 농작물 병해충 발생정보(제6호) vf.pdf
2024,6,식량작물,예보,미분류,멸강나방,,6호_2024 농작물 병해충 발생정보(제6호) vf.pdf
2024,6,식량작물,예보,미분류,애멸구,벼줄무늬잎마름병,6호_2024 농작물 병해충 발생정보(제6호) vf.pdf
2024,6,식량작물,예보,미분류,조명나방,,6호_2024 농작물 병해충 발생정보(제6호) vf.pdf
2024,6,식량작물,예보,미분류,벼물바구미,,6호_2024 농작물 병해충 발생정보(제6호) vf.pdf
2024,6,채소,주의보,병,역병,,6호_2024 농작물 병해충 발생정보(제6호) vf.pdf
2024,6,채소,주의보,병,탄저병,고추,6호_2024 농작물 병해충 발생정보(제6호) vf.pdf
2024,6,채소,예보,병,덩굴마름병,"참외,수박",6호_2024 농작물 병해충 발생정보(제6호) vf.pdf
2024,6,채소,예보,병,흰가루병,오이등,6호_2024 농작물 병해충 발생정보(제6호) vf.pdf
2024,6,채소,예보,해충,총채벌레류,,6호_2024 농작물 병해충 발생정보(제6호) vf.pdf
2024,6,채소,예보,해충,가루이류,,6호_2024 농작물 병해충 발생정보(제6호) vf.pdf
2024,6,채소,예보,해충,진딧물류,,6호_2024 농작물 병해충 발생정보(제6호) vf.pdf
2024,6,채소,예보,해충,응애류,,6호_2024 농작물 병해충 발생정보(제6호) vf.pdf
2024,6,채소,예보,바이러스,토마토반점위조바이러스,"토마토,고추,파프리카등",6호_2024 농작물 병해충 발생정보(제6호) vf.pdf
2024,6,과수,경보,병,과수화상병,,6호_2024 농작물 병해충 발생정보(제6호) vf.pdf
2024,6,과수,주의보,병,과수가지검은마름병,,6호_2024 농작물 병해충 발생정보(제6호) vf.pdf
2024,6,과수,주의보,병,탄저병,"사과,복숭아,포도,단감",6호_2024 농작물 병해충 발생정보(제6호) vf.pdf
2024,6,과수,예보,병,세균성구멍병‧잿빛무늬병,복숭아,6호_2024 농작물 병해충 발생정보(제6호) vf.pdf
2024,6,과수,예보,병,참다래궤양병,,6호_2024 농작물 병해충 발생정보(제6호) vf.pdf
2024,6,과수,예보,해충,복숭아순나방,,6호_2024 농작물 병해충 발생정보(제6호) vf.pdf
2024,6,과수,예보,해충,진딧물류,,6호_2024 농작물 병해충 발생정보(제6호) vf.pdf
2024,6,과수,예보,해충,응애류,,6호_2024 농작물 병해충 발생정보(제6호) vf.pdf
2024,6,과수,예보,해충,잎말이나방,,6호_2024 농작물 병해충 발생정보(제6호) vf.pdf
2024,6,과수,예보,해충,감꼭지나방,,6호_2024 농작물 병해충 발생정보(제6호) vf.pdf
2024,7,식량작물,주의보,미분류,열대거세미나방,옥수수,7호_2024년 농작물 병해충 발생정보(제7호) vf.pdf
2024,7,식량작물,예보,미분류,멸강나방,,7호_2024년 농작물 병해충 발생정보(제7호) vf.pdf
2024,7,식량작물,예보,미분류,애멸구,벼줄무늬잎마름병,7호_2024년 농작물 병해충 발생정보(제7호) vf.pdf
2024,7,식량작물,예보,미분류,조명나방,,7호_2024년 농작물 병해충 발생정보(제7호) vf.pdf
2024,7,식량작물,예보,미분류,벼물바구미,,7호_2024년 농작물 병해충 발생정보(제7호) vf.pdf
2024,7,채소,주의보,병,역병,,7호_2024년 농작물 병해충 발생정보(제7호) vf.pdf
2024,7,채소,주의보,병,탄저병,고추,7호_2024년 농작물 병해충 발생정보(제7호) vf.pdf
2024,7,채소,예보,병,덩굴마름병,"참외,수박",7호_2024년 농작물 병해충 발생정보(제7호) vf.pdf
2024,7,채소,예보,병,흰가루병,오이등,7호_2024년 농작물 병해충 발생정보(제7호) vf.pdf
2024,7,채소,예보,해충,총채벌레류,,7호_2024년 농작물 병해충 발생정보(제7호) vf.pdf
2024,7,채소,예보,해충,가루이류,,7호_2024년 농작물 병해충 발생정보(제7호) vf.pdf
2024,7,채소,예보,해충,진딧물류,,7호_2024년 농작물 병해충 발생정보(제7호) vf.pdf
2024,7,채소,예보,해충,응애류,,7호_2024년 농작물 병해충 발생정보(제7호) vf.pdf
2024,7,채소,예보,바이러스,토마토반점위조바이러스,"토마토,고추,파프리카등",7호_2024년 농작물 병해충 발생정보(제7호) vf.pdf
2024,7,과수,경보,병,과수화상병,,7호_2024년 농작물 병해충 발생정보(제7호) vf.pdf
2024,7,과수,주의보,병,과수가지검은마름병,,7호_2024년 농작물 병해충 발생정보(제7호) vf.pdf
2024,7,과수,주의보,병,탄저병,"사과,복숭아,포도,단감",7호_2024년 농작물 병해충 발생정보(제7호) vf.pdf
2024,7,과수,예보,병,세균성구멍병‧잿빛무늬병,복숭아,7호_2024년 농작물 병해충 발생정보(제7호) vf.pdf
2024,7,과수,예보,병,참다래궤양병,,7호_2024년 농작물 병해충 발생정보(제7호) vf.pdf
2024,7,과수,예보,해충,복숭아순나방,,7호_2024년 농작물 병해충 발생정보(제7호) vf.pdf
2024,7,과수,예보,해충,진딧물류,,7호_2024년 농작물 병해충 발생정보(제7호) vf.pdf
2024,7,과수,예보,해충,응애류,,7호_2024년 농작물 병해충 발생정보(제7호) vf.pdf
2024,7,과수,예보,해충,잎말이나방,,7호_2024년 농작물 병해충 발생정보(제7호) vf.pdf
2024,7,과수,예보,해충,감꼭지나방,,7호_2024년 농작물 병해충 발생정보(제7호) vf.pdf
2024,8,식량작물,주의보,해충,열대거세미나방,옥수수,8호_2024 농작물 병해충 발생정보(제8호) vf.pdf
2024,8,식량작물,예보,병,감자역병,고랭지씨감자,8호_2024 농작물 병해충 발생정보(제8호) vf.pdf
2024,8,식량작물,예보,병,잎도열병,,8호_2024 농작물 병해충 발생정보(제8호) vf.pdf
2024,8,식량작물,예보,해충,먹노린재,,8호_2024 농작물 병해충 발생정보(제8호) vf.pdf
2024,8,식량작물,예보,해충,멸강나방,,8호_2024 농작물 병해충 발생정보(제8호) vf.pdf
2024,8,식량작물,예보,해충,벼물바구미,,8호_2024 농작물 병해충 발생정보(제8호) vf.pdf
2024,8,식량작물,예보,해충,멸구류,,8호_2024 농작물 병해충 발생정보(제8호) vf.pdf
2024,8,식량작물,예보,해충,혹명나방,,8호_2024 농작물 병해충 발생정보(제8호) vf.pdf
2024,8,식량작물,예보,해충,애멸구,,8호_2024 농작물 병해충 발생정보(제8호) vf.pdf
2024,8,채소,주의보,미분류,담배나방,,8호_2024 농작물 병해충 발생정보(제8호) vf.pdf
2024,8,채소,주의보,미분류,파밤나방,,8호_2024 농작물 병해충 발생정보(제8호) vf.pdf
2024,8,채소,주의보,미분류,역병,,8호_2024 농작물 병해충 발생정보(제8호) vf.pdf
2024,8,채소,주의보,미분류,탄저병,,8호_2024 농작물 병해충 발생정보(제8호) vf.pdf
2024,8,채소,예보,병,덩굴마름병,"참외,수박",8호_2024 농작물 병해충 발생정보(제8호) vf.pdf
2024,8,채소,예보,해충,총채벌레류,,8호_2024 농작물 병해충 발생정보(제8호) vf.pdf
2024,8,채소,예보,해충,가루이류,,8호_2024 농작물 병해충 발생정보(제8호) vf.pdf
2024,8,채소,예보,해충,진딧물류,,8호_2024 농작물 병해충 발생정보(제8호) vf.pdf
2024,8,채소,예보,바이러스,토마토반점위조바이러스,"토마토,고추,파프리카등",8호_2024 농작물 병해충 발생정보(제8호) vf.pdf
2024,8,과수,주의보,병,과수화상병,,8호_2024 농작물 병해충 발생정보(제8호) vf.pdf
2024,8,과수,주의보,병,과수가지검은마름병,,8호_2024 농작물 병해충 발생정보(제8호) vf.pdf
2024,8,과수,주의보,병,탄저병,,8호_2024 농작물 병해충 발생정보(제8호) vf.pdf
2024,8,과수,주의보,병,복숭아세균,,8호_2024 농작물 병해충 발생정보(제8호) vf.pdf
2024,8,과수,주의보,해충,갈색날개매미충,,8호_2024 농작물 병해충 발생정보(제8호) vf.pdf
2024,8,과수,주의보,해충,미국선녀벌레,,8호_2024 농작물 병해충 발생정보(제8호) vf.pdf
2024,8,과수,주의보,해충,꽃매미,,8호_2024 농작물 병해충 발생정보(제8호) vf.pdf
2024,8,과수,주의보,해충,복숭아심식나방,,8호_2024 농작물 병해충 발생정보(제8호) vf.pdf
2024,8,과수,예보,병,잿빛무늬병,,8호_2024 농작물 병해충 발생정보(제8호) vf.pdf
2024,8,과수,예보,병,포도새눈무늬병,,8호_2024 농작물 병해충 발생정보(제8호) vf.pdf
2024,8,과수,예보,병,참다래궤양병,,8호_2024 농작물 병해충 발생정보(제8호) vf.pdf
2024,8,과수,예보,해충,복숭아순나방,,8호_2024 농작물 병해충 발생정보(제8호) vf.pdf
2024,8,과수,예보,해충,잎말이나방,,8호_2024 농작물 병해충 발생정보(제8호) vf.pdf
2024,8,과수,예보,해충,감꼭지나방,,8호_2024 농작물 병해충 발생정보(제8호) vf.pdf
2024,9,식량작물,주의보,해충,열대거세미나방,옥수수,9호_2024 농작물 병해충 발생정보(제9호) vf.pdf
2024,9,식량작물,주의보,해충,멸강나방,벼등,9호_2024 농작물 병해충 발생정보(제9호) vf.pdf
2024,9,식량작물,주의보,해충,벼멸구,,9호_2024 농작물 병해충 발생정보(제9호) vf.pdf
2024,9,식량작물,주의보,해충,"지역(충남,전남‧북,경남,제주등)은성페로몬트랩예찰및어린옥수수",,9호_2024 농작물 병해충 발생정보(제9호) vf.pdf
2024,9,식량작물,예보,병,감자역병(고랭지씨감자)⇒발생초기(유충1~3령)등록약제로살포하되,,9호_2024 농작물 병해충 발생정보(제9호) vf.pdf
2024,9,식량작물,예보,병,약제를살포할때는,,9호_2024 농작물 병해충 발생정보(제9호) vf.pdf
2024,9,식량작물,예보,해충,먹노린재,,9호_2024 농작물 병해충 발생정보(제9호) vf.pdf
2024,9,식량작물,예보,해충,멸강나방,,9호_2024 농작물 병해충 발생정보(제9호) vf.pdf
2024,9,식량작물,예보,해충,벼물바구미,,9호_2024 농작물 병해충 발생정보(제9호) vf.pdf
2024,9,식량작물,예보,해충,멸구류,,9호_2024 농작물 병해충 발생정보(제9호) vf.pdf
2024,9,식량작물,예보,해충,혹명나방,,9호_2024 농작물 병해충 발생정보(제9호) vf.pdf
2024,9,식량작물,예보,해충,애멸구약액이골고루작물에묻도록충분히살포,,9호_2024 농작물 병해충 발생정보(제9호) vf.pdf
2024,9,채소,주의보,해충,담배나방,,9호_2024 농작물 병해충 발생정보(제9호) vf.pdf
2024,9,채소,주의보,해충,파밤나방,,9호_2024 농작물 병해충 발생정보(제9호) vf.pdf
2024,9,채소,예보,해충,진딧물류,,9호_2024 농작물 병해충 발생정보(제9호) vf.pdf
2024,9,채소,예보,해충,총채벌레류,,9호_2024 농작물 병해충 발생정보(제9호) vf.pdf
2024,9,채소,예보,해충,응애류,,9호_2024 농작물 병해충 발생정보(제9호) vf.pdf
2024,9,채소,예보,해충,가루이류,,9호_2024 농작물 병해충 발생정보(제9호) vf.pdf
2024,9,과수,경보,병,과수화상병【열대거세미나방유충,"좌,2령",9호_2024 농작물 병해충 발생정보(제9호) vf.pdf
2024,9,과수,경보,병,피해사진(우)】,,9호_2024 농작물 병해충 발생정보(제9호) vf.pdf
2024,9,과수,주의보,병,과수가지검은마름병,,9호_2024 농작물 병해충 발생정보(제9호) vf.pdf
2024,9,과수,주의보,병,탄저병,,9호_2024 농작물 병해충 발생정보(제9호) vf.pdf
2024,9,과수,주의보,병,사과갈색무늬병,,9호_2024 농작물 병해충 발생정보(제9호) vf.pdf
2024,9,과수,주의보,병,노균병,포도,9호_2024 농작물 병해충 발생정보(제9호) vf.pdf
2024,9,과수,주의보,해충,갈색날개매미충,,9호_2024 농작물 병해충 발생정보(제9호) vf.pdf
2024,9,과수,주의보,해충,미국선녀벌레,,9호_2024 농작물 병해충 발생정보(제9호) vf.pdf
2024,9,과수,주의보,해충,꽃매미,,9호_2024 농작물 병해충 발생정보(제9호) vf.pdf
2024,9,과수,예보,미분류,2멸강나방<주의보>,,9호_2024 농작물 병해충 발생정보(제9호) vf.pdf
2024,9,과수,예보,병,포도새눈무늬병,,9호_2024 농작물 병해충 발생정보(제9호) vf.pdf
2024,9,과수,예보,병,갈색무늬병,,9호_2024 농작물 병해충 발생정보(제9호) vf.pdf
2024,9,과수,예보,병,점무늬낙엽병,,9호_2024 농작물 병해충 발생정보(제9호) vf.pdf
2024,9,과수,예보,해충,복숭아순나방,,9호_2024 농작물 병해충 발생정보(제9호) vf.pdf
2024,9,과수,예보,해충,복숭아심식나방,,9호_2024 농작물 병해충 발생정보(제9호) vf.pdf
2024,9,과수,예보,해충,응애류,,9호_2024 농작물 병해충 발생정보(제9호) vf.pdf
2024,9,과수,예보,해충,노린재류,,9호_2024 농작물 병해충 발생정보(제9호) vf.pdf
2024,9,과수,예보,해충,뽕나무깍지벌레❍멸강나방은해외에서날아와피해를주는장거리비래성해충으로,,9호_2024 농작물 병해충 발생정보(제9호) vf.pdf
2025,10,식량작물,주의보,병,이삭도열병,,10호_2025 농작물 병해충 발생정보(제10호) vf.pdf
2025,10,식량작물,주의보,병,잎집무늬마름병,,10호_2025 농작물 병해충 발생정보(제10호) vf.pdf
2025,10,식량작물,주의보,병,흰잎마름병,,10호_2025 농작물 병해충 발생정보(제10호) vf.pdf
2025,10,식량작물,주의보,병,세균벼알마름병,,10호_2025 농작물 병해충 발생정보(제10호) vf.pdf
2025,10,식량작물,주의보,해충,혹명나방,,10호_2025 농작물 병해충 발생정보(제10호) vf.pdf
2025,10,식량작물,주의보,해충,벼멸구,,10호_2025 농작물 병해충 발생정보(제10호) vf.pdf
2025,10,식량작물,주의보,해충,흰등멸구,,10호_2025 농작물 병해충 발생정보(제10호) vf.pdf
2025,10,식량작물,주의보,해충,열대거세미나방,,10호_2025 농작물 병해충 발생정보(제10호) vf.pdf
2025,10,식량작물,주의보,해충,먹노린재,,10호_2025 농작물 병해충 발생정보(제10호) vf.pdf
2025,10,채소,주의보,병,역병‧탄저병‧바이러스,,10호_2025 농작물 병해충 발생정보(제10호) vf.pdf
2025,10,채소,주의보,병,고랭지무,,10호_2025 농작물 병해충 발생정보(제10호) vf.pdf
2025,10,채소,주의보,병,배추무름병,,10호_2025 농작물 병해충 발생정보(제10호) vf.pdf
2025,10,채소,주의보,병,뿌리혹병,,10호_2025 농작물 병해충 발생정보(제10호) vf.pdf
2025,10,채소,주의보,병,씨스트선충류,,10호_2025 농작물 병해충 발생정보(제10호) vf.pdf
2025,10,채소,주의보,병,토마토뿔나방,,10호_2025 농작물 병해충 발생정보(제10호) vf.pdf
2025,10,채소,주의보,해충,담배나방,,10호_2025 농작물 병해충 발생정보(제10호) vf.pdf
2025,10,채소,주의보,해충,파밤나방,,10호_2025 농작물 병해충 발생정보(제10호) vf.pdf
2025,10,과수,경보,병,탄저병,,10호_2025 농작물 병해충 발생정보(제10호) vf.pdf
2025,10,과수,주의보,병,과수화상병,,10호_2025 농작물 병해충 발생정보(제10호) vf.pdf
2025,10,과수,주의보,병,과수가지검은마름병,,10호_2025 농작물 병해충 발생정보(제10호) vf.pdf
2025,10,과수,주의보,병,사과갈색무늬병,,10호_2025 농작물 병해충 발생정보(제10호) vf.pdf
2025,10,과수,주의보,병,점무늬낙엽병,,10호_2025 농작물 병해충 발생정보(제10호) vf.pdf
2025,10,과수,주의보,해충,복숭아순나방,,10호_2025 농작물 병해충 발생정보(제10호) vf.pdf
2025,10,과수,주의보,해충,복숭아심식나방,,10호_2025 농작물 병해충 발생정보(제10호) vf.pdf
2025,10,과수,주의보,해충,갈색날개매미충,,10호_2025 농작물 병해충 발생정보(제10호) vf.pdf
2025,10,과수,주의보,해충,미국선녀벌레,,10호_2025 농작물 병해충 발생정보(제10호) vf.pdf
2025,10,과수,주의보,해충,꽃매미,,10호_2025 농작물 병해충 발생정보(제10호) vf.pdf
2025,11,식량작물,주의보,병,이삭도열병,,11호_2025 농작물 병해충 발생정보(제11호) vf.pdf
2025,11,식량작물,주의보,병,잎집무늬마름병,,11호_2025 농작물 병해충 발생정보(제11호) vf.pdf
2025,11,식량작물,주의보,병,흰잎마름병,,11호_2025 농작물 병해충 발생정보(제11호) vf.pdf
2025,11,식량작물,주의보,병,세균벼알마름병,,11호_2025 농작물 병해충 발생정보(제11호) vf.pdf
2025,11,식량작물,주의보,해충,혹명나방,,11호_2025 농작물 병해충 발생정보(제11호) vf.pdf
2025,11,식량작물,주의보,해충,벼멸구,,11호_2025 농작물 병해충 발생정보(제11호) vf.pdf
2025,11,식량작물,주의보,해충,흰등멸구,,11호_2025 농작물 병해충 발생정보(제11호) vf.pdf
2025,11,식량작물,주의보,해충,열대거세미나방,,11호_2025 농작물 병해충 발생정보(제11호) vf.pdf
2025,11,식량작물,예보,해충,먹노린재,,11호_2025 농작물 병해충 발생정보(제11호) vf.pdf
2025,11,채소,주의보,병,고랭지무,,11호_2025 농작물 병해충 발생정보(제11호) vf.pdf
2025,11,채소,주의보,병,배추무름병,,11호_2025 농작물 병해충 발생정보(제11호) vf.pdf
2025,11,채소,주의보,병,뿌리혹병,,11호_2025 농작물 병해충 발생정보(제11호) vf.pdf
2025,11,채소,주의보,병,역병,,11호_2025 농작물 병해충 발생정보(제11호) vf.pdf
2025,11,채소,주의보,병,탄저병,,11호_2025 농작물 병해충 발생정보(제11호) vf.pdf
2025,11,채소,주의보,병,바이러스,,11호_2025 농작물 병해충 발생정보(제11호) vf.pdf
2025,11,채소,주의보,병,씨스트선충류,,11호_2025 농작물 병해충 발생정보(제11호) vf.pdf
2025,11,채소,주의보,병,토마토뿔나방,,11호_2025 농작물 병해충 발생정보(제11호) vf.pdf
2025,11,채소,예보,해충,총채벌레류,,11호_2025 농작물 병해충 발생정보(제11호) vf.pdf
2025,11,채소,예보,해충,응애류,,11호_2025 농작물 병해충 발생정보(제11호) vf.pdf
2025,11,채소,예보,해충,가루이류,,11호_2025 농작물 병해충 발생정보(제11호) vf.pdf
2025,11,채소,예보,해충,진딧물류,,11호_2025 농작물 병해충 발생정보(제11호) vf.pdf
2025,11,과수,경보,병,탄저병,,11호_2025 농작물 병해충 발생정보(제11호) vf.pdf
2025,11,과수,주의보,병,과수화상병,,11호_2025 농작물 병해충 발생정보(제11호) vf.pdf
2025,11,과수,주의보,병,과수가지검은마름병,,11호_2025 농작물 병해충 발생정보(제11호) vf.pdf
2025,11,과수,주의보,병,점무늬낙엽병,,11호_2025 농작물 병해충 발생정보(제11호) vf.pdf
2025,11,과수,주의보,병,사과갈색무늬,,11호_2025 농작물 병해충 발생정보(제11호) vf.pdf
2025,11,과수,주의보,해충,복숭아순나방,,11호_2025 농작물 병해충 발생정보(제11호) vf.pdf
2025,11,과수,주의보,해충,복숭아심식나방,,11호_2025 농작물 병해충 발생정보(제11호) vf.pdf
2025,11,과수,주의보,해충,갈색날개매미충,,11호_2025 농작물 병해충 발생정보(제11호) vf.pdf
2025,11,과수,주의보,해충,미국선녀벌레,,11호_2025 농작물 병해충 발생정보(제11호) vf.pdf
2025,11,과수,주의보,해충,꽃매미,,11호_2025 농작물 병해충 발생정보(제11호) vf.pdf
2025,11,과수,예보,병,포도새눈무늬병,,11호_2025 농작물 병해충 발생정보(제11호) vf.pdf
2025,11,과수,예보,병,갈색무늬병,,11호_2025 농작물 병해충 발생정보(제11호) vf.pdf
2025,11,과수,예보,해충,응애류,,11호_2025 농작물 병해충 발생정보(제11호) vf.pdf
2025,11,과수,예보,해충,노린재류,,11호_2025 농작물 병해충 발생정보(제11호) vf.pdf
2025,12,식량작물,주의보,병,흰잎마름병,,12호_2025 농작물 병해충 발생정보(제12호) vf.pdf
2025,12,식량작물,주의보,병,세균벼알마름병,,12호_2025 농작물 병해충 발생정보(제12호) vf.pdf
2025,12,식량작물,주의보,병,깨씨무늬병,,12호_2025 농작물 병해충 발생정보(제12호) vf.pdf
2025,12,식량작물,주의보,병,잎집무늬마름병,,12호_2025 농작물 병해충 발생정보(제12호) vf.pdf
2025,12,식량작물,주의보,병,이삭도열병,,12호_2025 농작물 병해충 발생정보(제12호) vf.pdf
2025,12,식량작물,주의보,해충,혹명나방,,12호_2025 농작물 병해충 발생정보(제12호) vf.pdf
2025,12,식량작물,주의보,해충,흰등멸구,,12호_2025 농작물 병해충 발생정보(제12호) vf.pdf
2025,12,식량작물,주의보,해충,벼멸구,,12호_2025 농작물 병해충 발생정보(제12호) vf.pdf
2025,12,식량작물,주의보,해충,열대거세미나방,,12호_2025 농작물 병해충 발생정보(제12호) vf.pdf
2025,12,식량작물,예보,해충,노린재,,12호_2025 농작물 병해충 발생정보(제12호) vf.pdf
2025,12,채소,주의보,병,역병‧탄저병‧바이러스,,12호_2025 농작물 병해충 발생정보(제12호) vf.pdf
2025,12,채소,주의보,병,고랭지무,,12호_2025 농작물 병해충 발생정보(제12호) vf.pdf
2025,12,채소,주의보,병,배추무름병,,12호_2025 농작물 병해충 발생정보(제12호) vf.pdf
2025,12,채소,주의보,병,뿌리혹병,,12호_2025 농작물 병해충 발생정보(제12호) vf.pdf
2025,12,채소,주의보,해충,씨스트선충류.토마토뿔나방,,12호_2025 농작물 병해충 발생정보(제12호) vf.pdf
2025,12,채소,주의보,해충,고추담배나방,,12호_2025 농작물 병해충 발생정보(제12호) vf.pdf
2025,12,채소,예보,해충,총채벌레,,12호_2025 농작물 병해충 발생정보(제12호) vf.pdf
2025,12,채소,예보,해충,응애류,,12호_2025 농작물 병해충 발생정보(제12호) vf.pdf
2025,12,채소,예보,해충,가루이류,,12호_2025 농작물 병해충 발생정보(제12호) vf.pdf
2025,12,채소,예보,해충,진딧물류,,12호_2025 농작물 병해충 발생정보(제12호) vf.pdf
2025,12,과수,주의보,병,탄저병,,12호_2025 농작물 병해충 발생정보(제12호) vf.pdf
2025,12,과수,주의보,병,과수화상병,,12호_2025 농작물 병해충 발생정보(제12호) vf.pdf
2025,12,과수,주의보,병,점무늬낙엽병,,12호_2025 농작물 병해충 발생정보(제12호) vf.pdf
2025,12,과수,주의보,병,포도노균병,,12호_2025 농작물 병해충 발생정보(제12호) vf.pdf
2025,12,과수,주의보,해충,복숭아순나방,,12호_2025 농작물 병해충 발생정보(제12호) vf.pdf
2025,12,과수,주의보,해충,복숭아심식나방,,12호_2025 농작물 병해충 발생정보(제12호) vf.pdf
2025,12,과수,예보,병,포도새눈무늬병,,12호_2025 농작물 병해충 발생정보(제12호) vf.pdf
2025,12,과수,예보,병,갈색무늬병,,12호_2025 농작물 병해충 발생정보(제12호) vf.pdf
2025,12,과수,예보,해충,응애류,,12호_2025 농작물 병해충 발생정보(제12호) vf.pdf
2025,12,과수,예보,해충,노린재류,,12호_2025 농작물 병해충 발생정보(제12호) vf.pdf
2025,13,식량작물,주의보,병,깨씨무늬병,,13호_2025 농작물 병해충 발생정보(제13호)vf.pdf
2025,13,채소,주의보,병,배추뿌리혹병,,13호_2025 농작물 병해충 발생정보(제13호)vf.pdf
2025,13,채소,주의보,병,노균병,,13호_2025 농작물 병해충 발생정보(제13호)vf.pdf
2025,13,채소,주의보,병,바이러스,,13호_2025 농작물 병해충 발생정보(제13호)vf.pdf
2025,13,채소,예보,병,마늘,,13호_2025 농작물 병해충 발생정보(제13호)vf.pdf
2025,13,채소,예보,병,양파잎마름병,,13호_2025 농작물 병해충 발생정보(제13호)vf.pdf
2025,13,채소,예보,병,흑색썩음균핵병,,13호_2025 농작물 병해충 발생정보(제13호)vf.pdf
2025,13,채소,예보,해충,파밤나방,,13호_2025 농작물 병해충 발생정보(제13호)vf.pdf
2025,13,채소,예보,해충,담배거세미나방,,13호_2025 농작물 병해충 발생정보(제13호)vf.pdf
2025,13,채소,예보,해충,목화바둑명나방,,13호_2025 농작물 병해충 발생정보(제13호)vf.pdf
2025,13,채소,예보,해충,시설채소총채벌레,,13호_2025 농작물 병해충 발생정보(제13호)vf.pdf
2025,13,채소,예보,해충,응애,,13호_2025 농작물 병해충 발생정보(제13호)vf.pdf
2025,13,채소,예보,해충,진딧물,,13호_2025 농작물 병해충 발생정보(제13호)vf.pdf
2025,13,채소,예보,해충,작은뿌리파리,,13호_2025 농작물 병해충 발생정보(제13호)vf.pdf
2025,13,과수,주의보,병,과수화상병,,13호_2025 농작물 병해충 발생정보(제13호)vf.pdf
2025,13,과수,주의보,병,탄저병,,13호_2025 농작물 병해충 발생정보(제13호)vf.pdf
2025,13,과수,주의보,해충,갈색날개매미충,,13호_2025 농작물 병해충 발생정보(제13호)vf.pdf
2025,13,과수,주의보,해충,미국선녀벌레,,13호_2025 농작물 병해충 발생정보(제13호)vf.pdf
2025,13,과수,주의보,해충,꽃매미,,13호_2025 농작물 병해충 발생정보(제13호)vf.pdf
2025,13,과수,예보,해충,노린재류,,13호_2025 농작물 병해충 발생정보(제13호)vf.pdf
2025,13,과수,예보,해충,주경배나무이,,13호_2025 농작물 병해충 발생정보(제13호)vf.pdf
2025,14,채소,주의보,병,배추뿌리혹병,,14호_2025 농작물 병해충 발생정보(제14호)vf.pdf
2025,14,채소,주의보,병,무름병,,14호_2025 농작물 병해충 발생정보(제14호)vf.pdf
2025,14,채소,주의보,해충,토마토뿔나방,,14호_2025 농작물 병해충 발생정보(제14호)vf.pdf
2025,14,채소,예보,병,흰가루병,,14호_2025 농작물 병해충 발생정보(제14호)vf.pdf
2025,14,채소,예보,병,잿빛곰팡이병,,14호_2025 농작물 병해충 발생정보(제14호)vf.pdf
2025,14,채소,예보,병,노균병,,14호_2025 농작물 병해충 발생정보(제14호)vf.pdf
2025,14,채소,예보,병,토마토반점위조바이러스,,14호_2025 농작물 병해충 발생정보(제14호)vf.pdf
2025,14,채소,예보,병,토마토황화잎말림병,,14호_2025 농작물 병해충 발생정보(제14호)vf.pdf
2025,14,채소,예보,병,당근검은잎마름병,,14호_2025 농작물 병해충 발생정보(제14호)vf.pdf
2025,14,채소,예보,해충,총채벌레류,,14호_2025 농작물 병해충 발생정보(제14호)vf.pdf
2025,14,채소,예보,해충,가루이류,,14호_2025 농작물 병해충 발생정보(제14호)vf.pdf
2025,14,채소,예보,해충,진딧물류,,14호_2025 농작물 병해충 발생정보(제14호)vf.pdf
2025,14,채소,예보,해충,응애류,,14호_2025 농작물 병해충 발생정보(제14호)vf.pdf
2025,14,채소,예보,해충,작은뿌리파리,,14호_2025 농작물 병해충 발생정보(제14호)vf.pdf
2025,14,과수,주의보,병,과수화상병,,14호_2025 농작물 병해충 발생정보(제14호)vf.pdf
2025,14,과수,주의보,병,탄저병,,14호_2025 농작물 병해충 발생정보(제14호)vf.pdf
2025,15,시설채소,예보,병,잿빛곰팡이병,,15호_2025 농작물 병해충 발생정보(제15호) v2.pdf
2025,15,시설채소,예보,병,균핵병,,15호_2025 농작물 병해충 발생정보(제15호) v2.pdf
2025,15,시설채소,예보,병,흰가루병,,15호_2025 농작물 병해충 발생정보(제15호) v2.pdf
2025,15,시설채소,예보,병,노균병,,15호_2025 농작물 병해충 발생정보(제15호) v2.pdf
2025,15,시설채소,예보,병,딸기꽃곰팡이병,,15호_2025 농작물 병해충 발생정보(제15호) v2.pdf
2025,15,시설채소,예보,병,딸기세균모무늬병,,15호_2025 농작물 병해충 발생정보(제15호) v2.pdf
2025,15,시설채소,예보,바이러스,토마토반점위조바이러스,,15호_2025 농작물 병해충 발생정보(제15호) v2.pdf
2025,15,시설채소,예보,바이러스,토마토황화잎말림병,,15호_2025 농작물 병해충 발생정보(제15호) v2.pdf
2025,15,시설채소,예보,바이러스,쥬키니황화모자이크바이러스,,15호_2025 농작물 병해충 발생정보(제15호) v2.pdf
2025,15,시설채소,예보,해충,총채벌레류,,15호_2025 농작물 병해충 발생정보(제15호) v2.pdf
2025,15,시설채소,예보,해충,가루이류,,15호_2025 농작물 병해충 발생정보(제15호) v2.pdf
2025,15,시설채소,예보,해충,진딧물류,,15호_2025 농작물 병해충 발생정보(제15호) v2.pdf
2025,15,시설채소,예보,해충,응애류,,15호_2025 농작물 병해충 발생정보(제15호) v2.pdf
2025,15,시설채소,예보,해충,작은뿌리파리,,15호_2025 농작물 병해충 발생정보(제15호) v2.pdf
2025,15,시설채소,예보,해충,토마토뿔나방,,15호_2025 농작물 병해충 발생정보(제15호) v2.pdf
2025,15,과수,예보,병,과수화상병,,15호_2025 농작물 병해충 발생정보(제15호) v2.pdf
2025,15,과수,예보,병,과수가지검은마름병,,15호_2025 농작물 병해충 발생정보(제15호) v2.pdf
2025,1,시설채소,예보,병,잿빛곰팡이병,,1호_2025 농작물 병해충 발생정보(제1호) vf.pdf
2025,1,시설채소,예보,병,균핵병,,1호_2025 농작물 병해충 발생정보(제1호) vf.pdf
2025,1,시설채소,예보,병,흰가루병,,1호_2025 농작물 병해충 발생정보(제1호) vf.pdf
2025,1,시설채소,예보,병,노균병,,1호_2025 농작물 병해충 발생정보(제1호) vf.pdf
2025,1,시설채소,예보,병,딸기꽃곰팡이병,,1호_2025 농작물 병해충 발생정보(제1호) vf.pdf
2025,1,시설채소,예보,병,딸기세균모무늬병,,1호_2025 농작물 병해충 발생정보(제1호) vf.pdf
2025,1,시설채소,예보,병,토마토반점위조바이러스,,1호_2025 농작물 병해충 발생정보(제1호) vf.pdf
2025,1,시설채소,예보,병,토마토황화잎말림병,,1호_2025 농작물 병해충 발생정보(제1호) vf.pdf
2025,1,시설채소,예보,병,쥬키니황화모자이크바이러스,,1호_2025 농작물 병해충 발생정보(제1호) vf.pdf
2025,1,시설채소,예보,해충,총채벌레류,,1호_2025 농작물 병해충 발생정보(제1호) vf.pdf
2025,1,시설채소,예보,해충,가루이류,,1호_2025 농작물 병해충 발생정보(제1호) vf.pdf
2025,1,시설채소,예보,해충,진딧물류,,1호_2025 농작물 병해충 발생정보(제1호) vf.pdf
2025,1,시설채소,예보,해충,응애류,,1호_2025 농작물 병해충 발생정보(제1호) vf.pdf
2025,1,시설채소,예보,해충,작은뿌리파리,,1호_2025 농작물 병해충 발생정보(제1호) vf.pdf
2025,1,과수,예보,병,과수화상병,,1호_2025 농작물 병해충 발생정보(제1호) vf.pdf
2025,1,과수,예보,병,과수가지검은마름병,,1호_2025 농작물 병해충 발생정보(제1호) vf.pdf
2025,2,채소,예보,병,잿빛곰팡이병,,2호_2025 농작물 병해충 발생정보(제2호) vf.pdf
2025,2,채소,예보,병,균핵병,,2호_2025 농작물 병해충 발생정보(제2호) vf.pdf
2025,2,채소,예보,병,흰가루병,,2호_2025 농작물 병해충 발생정보(제2호) vf.pdf
2025,2,채소,예보,병,딸기꽃곰팡이병,,2호_2025 농작물 병해충 발생정보(제2호) vf.pdf
2025,2,채소,예보,병,딸기세균,,2호_2025 농작물 병해충 발생정보(제2호) vf.pdf
2025,2,채소,예보,해충,고자리파리,,2호_2025 농작물 병해충 발생정보(제2호) vf.pdf
2025,2,채소,예보,해충,총채벌레류,,2호_2025 농작물 병해충 발생정보(제2호) vf.pdf
2025,2,채소,예보,해충,가루이류,,2호_2025 농작물 병해충 발생정보(제2호) vf.pdf
2025,2,채소,예보,해충,진딧물,,2호_2025 농작물 병해충 발생정보(제2호) vf.pdf
2025,2,채소,예보,해충,응애류,,2호_2025 농작물 병해충 발생정보(제2호) vf.pdf
2025,2,채소,예보,해충,작은뿌리파리,,2호_2025 농작물 병해충 발생정보(제2호) vf.pdf
2025,2,채소,예보,바이러스,토마토반점위조바이러스,,2호_2025 농작물 병해충 발생정보(제2호) vf.pdf
2025,2,채소,예보,바이러스,쥬키니황화모자이크바이러스,,2호_2025 농작물 병해충 발생정보(제2호) vf.pdf
2025,2,채소,예보,바이러스,토마토황화잎말림바이러스,,2호_2025 농작물 병해충 발생정보(제2호) vf.pdf
2025,2,과수,예보,병,과수화상병,,2호_2025 농작물 병해충 발생정보(제2호) vf.pdf
2025,2,과수,예보,병,과수가지검은마름병,,2호_2025 농작물 병해충 발생정보(제2호) vf.pdf
2025,2,과수,예보,해충,주경배나무이,,2호_2025 농작물 병해충 발생정보(제2호) vf.pdf
2025,3,채소,주의보,미분류,노균병,양파,3호_2025 농작물 병해충 발생정보(제3호) vf.pdf
2025,3,채소,주의보,미분류,흑색썩음균핵병,"마늘,양파",3호_2025 농작물 병해충 발생정보(제3호) vf.pdf
2025,3,채소,예보,병,모잘록병,,3호_2025 농작물 병해충 발생정보(제3호) vf.pdf
2025,3,채소,예보,병,잿빛곰팡이병,,3호_2025 농작물 병해충 발생정보(제3호) vf.pdf
2025,3,채소,예보,병,흰가루병,,3호_2025 농작물 병해충 발생정보(제3호) vf.pdf
2025,3,채소,예보,병,노균병,,3호_2025 농작물 병해충 발생정보(제3호) vf.pdf
2025,3,채소,예보,병,역병,,3호_2025 농작물 병해충 발생정보(제3호) vf.pdf
2025,3,채소,예보,병,딸기꽃곰팡이병,,3호_2025 농작물 병해충 발생정보(제3호) vf.pdf
2025,3,채소,예보,병,딸기세균모무늬병,,3호_2025 농작물 병해충 발생정보(제3호) vf.pdf
2025,3,채소,예보,해충,총채벌레류,,3호_2025 농작물 병해충 발생정보(제3호) vf.pdf
2025,3,채소,예보,해충,가루이류,,3호_2025 농작물 병해충 발생정보(제3호) vf.pdf
2025,3,채소,예보,해충,진딧물,,3호_2025 농작물 병해충 발생정보(제3호) vf.pdf
2025,3,채소,예보,해충,응애류,,3호_2025 농작물 병해충 발생정보(제3호) vf.pdf
2025,3,채소,예보,해충,작은뿌리파리,,3호_2025 농작물 병해충 발생정보(제3호) vf.pdf
2025,3,채소,예보,바이러스,토마토반점위조바이러스,,3호_2025 농작물 병해충 발생정보(제3호) vf.pdf
2025,3,채소,예보,바이러스,토마토황화잎말림바이러스,,3호_2025 농작물 병해충 발생정보(제3호) vf.pdf
2025,3,채소,예보,바이러스,쥬키니황화모자이크바이러스,,3호_2025 농작물 병해충 발생정보(제3호) vf.pdf
2025,3,과수,예보,병,과수화상병,,3호_2025 농작물 병해충 발생정보(제3호) vf.pdf
2025,3,과수,예보,병,과수가지검은마름병,,3호_2025 농작물 병해충 발생정보(제3호) vf.pdf
2025,3,과수,예보,해충,주경배나무이,,3호_2025 농작물 병해충 발생정보(제3호) vf.pdf
2025,4,식량작물,주의보,미분류,맥류붉은곰팡이병,,4호_2025 농작물 병해충 발생정보(제4호) vf.pdf
2025,4,식량작물,예보,미분류,종자전염성병,"키다리병,도열병,깨씨무늬병",4호_2025 농작물 병해충 발생정보(제4호) vf.pdf
2025,4,식량작물,예보,미분류,모잘록병,,4호_2025 농작물 병해충 발생정보(제4호) vf.pdf
2025,4,식량작물,예보,미분류,뜸모,,4호_2025 농작물 병해충 발생정보(제4호) vf.pdf
2025,4,채소,주의보,미분류,노균병,양파,4호_2025 농작물 병해충 발생정보(제4호) vf.pdf
2025,4,채소,주의보,미분류,토마토뿔나방,토마토,4호_2025 농작물 병해충 발생정보(제4호) vf.pdf
2025,4,채소,예보,병,잎마름병,"마늘,양파",4호_2025 농작물 병해충 발생정보(제4호) vf.pdf
2025,4,채소,예보,병,흑색썩음균핵병,"마늘,양파",4호_2025 농작물 병해충 발생정보(제4호) vf.pdf
2025,4,채소,예보,병,"잿빛곰팡이병(딸기,",,4호_2025 농작물 병해충 발생정보(제4호) vf.pdf
2025,4,채소,예보,병,오이,,4호_2025 농작물 병해충 발생정보(제4호) vf.pdf
2025,4,채소,예보,병,토마토,,4호_2025 농작물 병해충 발생정보(제4호) vf.pdf
2025,4,채소,예보,병,상추,,4호_2025 농작물 병해충 발생정보(제4호) vf.pdf
2025,4,채소,예보,병,흰가루병,"딸기,오이,메론등",4호_2025 농작물 병해충 발생정보(제4호) vf.pdf
2025,4,채소,예보,병,토마토궤양병,,4호_2025 농작물 병해충 발생정보(제4호) vf.pdf
2025,4,채소,예보,해충,고자리파리,"마늘,양파",4호_2025 농작물 병해충 발생정보(제4호) vf.pdf
2025,4,채소,예보,해충,뿌리응애,"마늘,양파",4호_2025 농작물 병해충 발생정보(제4호) vf.pdf
2025,4,채소,예보,해충,총채벌레류,,4호_2025 농작물 병해충 발생정보(제4호) vf.pdf
2025,4,채소,예보,해충,가루이류,,4호_2025 농작물 병해충 발생정보(제4호) vf.pdf
2025,4,채소,예보,해충,진딧물,,4호_2025 농작물 병해충 발생정보(제4호) vf.pdf
2025,4,채소,예보,해충,응애류,,4호_2025 농작물 병해충 발생정보(제4호) vf.pdf
2025,4,채소,예보,바이러스,토마토반점위조바이러스,"토마토,고추,파프리카등",4호_2025 농작물 병해충 발생정보(제4호) vf.pdf
2025,4,과수,주의보,미분류,과수화상병,"사과,배",4호_2025 농작물 병해충 발생정보(제4호) vf.pdf
2025,4,과수,예보,병,검은별무늬병,"사과,배",4호_2025 농작물 병해충 발생정보(제4호) vf.pdf
2025,4,과수,예보,병,참다래궤양병,,4호_2025 농작물 병해충 발생정보(제4호) vf.pdf
2025,4,과수,예보,해충,나무좀류,"사과,복숭아",4호_2025 농작물 병해충 발생정보(제4호) vf.pdf
2025,4,과수,예보,해충,사과응애,사과,4호_2025 농작물 병해충 발생정보(제4호) vf.pdf
2025,4,과수,예보,해충,복숭아씨살이좀벌,복숭아,4호_2025 농작물 병해충 발생정보(제4호) vf.pdf
2025,5,식량작물,주의보,병,붉은곰팡이병,맥류,5호_2025 농작물 병해충 발생정보(제5호) vf.pdf
2025,5,식량작물,주의보,해충,열대거세미나방,옥수수등,5호_2025 농작물 병해충 발생정보(제5호) vf.pdf
2025,5,식량작물,예보,병,모마름병,,5호_2025 농작물 병해충 발생정보(제5호) vf.pdf
2025,5,식량작물,예보,병,뜸모,,5호_2025 농작물 병해충 발생정보(제5호) vf.pdf
2025,5,식량작물,예보,해충,멸강나방,,5호_2025 농작물 병해충 발생정보(제5호) vf.pdf
2025,5,식량작물,예보,해충,애멸구,,5호_2025 농작물 병해충 발생정보(제5호) vf.pdf
2025,5,채소,주의보,병,잎마름병,"마늘,양파",5호_2025 농작물 병해충 발생정보(제5호) vf.pdf
2025,5,채소,주의보,병,노균병,양파,5호_2025 농작물 병해충 발생정보(제5호) vf.pdf
2025,5,채소,주의보,병,흑색썩음균핵병,"마늘,양파",5호_2025 농작물 병해충 발생정보(제5호) vf.pdf
2025,5,채소,주의보,해충,고자리파리,"마늘,양파",5호_2025 농작물 병해충 발생정보(제5호) vf.pdf
2025,5,채소,주의보,해충,뿌리응애,"마늘,양파",5호_2025 농작물 병해충 발생정보(제5호) vf.pdf
2025,5,채소,주의보,해충,토마토뿔나방,,5호_2025 농작물 병해충 발생정보(제5호) vf.pdf
2025,5,채소,예보,병,역병,,5호_2025 농작물 병해충 발생정보(제5호) vf.pdf
2025,5,채소,예보,병,탄저병,고추,5호_2025 농작물 병해충 발생정보(제5호) vf.pdf
2025,5,채소,예보,병,흰가루병,"딸기,오이,메론등",5호_2025 농작물 병해충 발생정보(제5호) vf.pdf
2025,5,채소,예보,병,"잿빛곰팡이병(딸기,",,5호_2025 농작물 병해충 발생정보(제5호) vf.pdf
2025,5,채소,예보,병,오이,,5호_2025 농작물 병해충 발생정보(제5호) vf.pdf
2025,5,채소,예보,병,토마토,,5호_2025 농작물 병해충 발생정보(제5호) vf.pdf
2025,5,채소,예보,병,상추,,5호_2025 농작물 병해충 발생정보(제5호) vf.pdf
2025,5,채소,예보,해충,총채벌레류,,5호_2025 농작물 병해충 발생정보(제5호) vf.pdf
2025,5,채소,예보,해충,가루이류,,5호_2025 농작물 병해충 발생정보(제5호) vf.pdf
2025,5,채소,예보,해충,진딧물,,5호_2025 농작물 병해충 발생정보(제5호) vf.pdf
2025,5,채소,예보,해충,응애류,,5호_2025 농작물 병해충 발생정보(제5호) vf.pdf
2025,5,채소,예보,바이러스,토마토반점위조바이러스,"토마토,고추,파프리카등",5호_2025 농작물 병해충 발생정보(제5호) vf.pdf
2025,5,과수,주의보,병,과수화상병,,5호_2025 농작물 병해충 발생정보(제5호) vf.pdf
2025,5,과수,주의보,병,과수가지검은마름병,,5호_2025 농작물 병해충 발생정보(제5호) vf.pdf
2025,5,과수,예보,병,탄저병,"사과,배,복숭아",5호_2025 농작물 병해충 발생정보(제5호) vf.pdf
2025,5,과수,예보,병,참다래궤양병,,5호_2025 농작물 병해충 발생정보(제5호) vf.pdf
2025,5,과수,예보,병,붉은별무늬병,"사과,배",5호_2025 농작물 병해충 발생정보(제5호) vf.pdf
2025,5,과수,예보,병,검은별무늬병,"사과,배,복숭아등",5호_2025 농작물 병해충 발생정보(제5호) vf.pdf
2025,5,과수,예보,해충,나무좀,,5호_2025 농작물 병해충 발생정보(제5호) vf.pdf
2025,5,과수,예보,해충,진딧물류,,5호_2025 농작물 병해충 발생정보(제5호) vf.pdf
2025,5,과수,예보,해충,가루깍지벌레,,5호_2025 농작물 병해충 발생정보(제5호) vf.pdf
2025,5,과수,예보,해충,복숭아씨살이좀벌,,5호_2025 농작물 병해충 발생정보(제5호) vf.pdf
2025,5,과수,예보,해충,복숭아순나방,,5호_2025 농작물 병해충 발생정보(제5호) vf.pdf
2025,6,식량작물,주의보,미분류,열대거세미나방,옥수수,6호_2025 농작물 병해충 발생정보(제6호) vff.pdf
2025,6,식량작물,주의보,미분류,멸강나방,,6호_2025 농작물 병해충 발생정보(제6호) vff.pdf
2025,6,식량작물,예보,미분류,애멸구,벼줄무늬잎마름병,6호_2025 농작물 병해충 발생정보(제6호) vff.pdf
2025,6,식량작물,예보,미분류,조명나방,,6호_2025 농작물 병해충 발생정보(제6호) vff.pdf
2025,6,식량작물,예보,미분류,벼물바구미,,6호_2025 농작물 병해충 발생정보(제6호) vff.pdf
2025,6,채소,주의보,병,역병,,6호_2025 농작물 병해충 발생정보(제6호) vff.pdf
2025,6,채소,주의보,병,탄저병,고추,6호_2025 농작물 병해충 발생정보(제6호) vff.pdf
2025,6,채소,주의보,병,해충:토마토뿔나방,,6호_2025 농작물 병해충 발생정보(제6호) vff.pdf
2025,6,채소,주의보,병,선충:씨스트선충류,,6호_2025 농작물 병해충 발생정보(제6호) vff.pdf
2025,6,채소,예보,병,흰가루병,오이등,6호_2025 농작물 병해충 발생정보(제6호) vff.pdf
2025,6,채소,예보,병,덩굴마름병,"수박,참외",6호_2025 농작물 병해충 발생정보(제6호) vff.pdf
2025,6,채소,예보,해충,총채벌레류,,6호_2025 농작물 병해충 발생정보(제6호) vff.pdf
2025,6,채소,예보,해충,가루이류,,6호_2025 농작물 병해충 발생정보(제6호) vff.pdf
2025,6,채소,예보,해충,진딧물류,,6호_2025 농작물 병해충 발생정보(제6호) vff.pdf
2025,6,채소,예보,바이러스,토마토반점위조바이러스,"토마토,고추,파프리카등",6호_2025 농작물 병해충 발생정보(제6호) vff.pdf
2025,6,과수,경보,병,과수화상병,,6호_2025 농작물 병해충 발생정보(제6호) vff.pdf
2025,6,과수,주의보,병,과수가지검은마름병,,6호_2025 농작물 병해충 발생정보(제6호) vff.pdf
2025,6,과수,주의보,병,탄저병,"사과,복숭아,포도,단감",6호_2025 농작물 병해충 발생정보(제6호) vff.pdf
2025,6,과수,예보,병,세균성구멍병‧잿빛무늬병,복숭아,6호_2025 농작물 병해충 발생정보(제6호) vff.pdf
2025,6,과수,예보,병,참다래궤양병,,6호_2025 농작물 병해충 발생정보(제6호) vff.pdf
2025,6,과수,예보,해충,복숭아순나방,,6호_2025 농작물 병해충 발생정보(제6호) vff.pdf
2025,6,과수,예보,해충,잎말이나방,,6호_2025 농작물 병해충 발생정보(제6호) vff.pdf
2025,6,과수,예보,해충,감꼭지나방,,6호_2025 농작물 병해충 발생정보(제6호) vff.pdf
2025,7,식량작물,주의보,미분류,열대거세미나방,옥수수,7호_2025 농작물 병해충 발생정보(제7호) vf.pdf
2025,7,식량작물,주의보,미분류,멸강나방,,7호_2025 농작물 병해충 발생정보(제7호) vf.pdf
2025,7,식량작물,예보,병,잎도열병,,7호_2025 농작물 병해충 발생정보(제7호) vf.pdf
2025,7,식량작물,예보,해충,애멸구,벼줄무늬잎마름병,7호_2025 농작물 병해충 발생정보(제7호) vf.pdf
2025,7,식량작물,예보,해충,조명나방,,7호_2025 농작물 병해충 발생정보(제7호) vf.pdf
2025,7,식량작물,예보,해충,벼물바구미,,7호_2025 농작물 병해충 발생정보(제7호) vf.pdf
2025,7,채소,주의보,병,역병,,7호_2025 농작물 병해충 발생정보(제7호) vf.pdf
2025,7,채소,주의보,병,탄저병,고추,7호_2025 농작물 병해충 발생정보(제7호) vf.pdf
2025,7,채소,주의보,병,해충:토마토뿔나방,,7호_2025 농작물 병해충 발생정보(제7호) vf.pdf
2025,7,채소,주의보,병,선충:씨스트선충류,,7호_2025 농작물 병해충 발생정보(제7호) vf.pdf
2025,7,채소,예보,병,흰가루병,오이등,7호_2025 농작물 병해충 발생정보(제7호) vf.pdf
2025,7,채소,예보,병,덩굴마름병,"수박,참외",7호_2025 농작물 병해충 발생정보(제7호) vf.pdf
2025,7,채소,예보,해충,총채벌레류,,7호_2025 농작물 병해충 발생정보(제7호) vf.pdf
2025,7,채소,예보,해충,가루이류,,7호_2025 농작물 병해충 발생정보(제7호) vf.pdf
2025,7,채소,예보,해충,진딧물류,,7호_2025 농작물 병해충 발생정보(제7호) vf.pdf
2025,7,채소,예보,바이러스,토마토반점위조바이러스,"토마토,고추,파프리카등",7호_2025 농작물 병해충 발생정보(제7호) vf.pdf
2025,7,과수,경보,병,과수화상병,,7호_2025 농작물 병해충 발생정보(제7호) vf.pdf
2025,7,과수,주의보,병,과수가지검은마름병,,7호_2025 농작물 병해충 발생정보(제7호) vf.pdf
2025,7,과수,주의보,병,탄저병,"사과,복숭아,포도,단감",7호_2025 농작물 병해충 발생정보(제7호) vf.pdf
2025,7,과수,예보,병,세균성구멍병‧잿빛무늬병,복숭아,7호_2025 농작물 병해충 발생정보(제7호) vf.pdf
2025,7,과수,예보,병,참다래궤양병,,7호_2025 농작물 병해충 발생정보(제7호) vf.pdf
2025,7,과수,예보,해충,복숭아순나방,,7호_2025 농작물 병해충 발생정보(제7호) vf.pdf
2025,7,과수,예보,해충,잎말이나방,,7호_2025 농작물 병해충 발생정보(제7호) vf.pdf
2025,7,과수,예보,해충,감꼭지나방,,7호_2025 농작물 병해충 발생정보(제7호) vf.pdf
2025,8,식량작물,주의보,해충,열대거세미나방,옥수수,8호_2025 농작물 병해충 발생정보(제8호) vf.pdf
2025,8,식량작물,주의보,해충,멸강나방,,8호_2025 농작물 병해충 발생정보(제8호) vf.pdf
2025,8,식량작물,예보,병,감자역병,고랭지씨감자,8호_2025 농작물 병해충 발생정보(제8호) vf.pdf
2025,8,식량작물,예보,병,잎도열병,,8호_2025 농작물 병해충 발생정보(제8호) vf.pdf
2025,8,식량작물,예보,해충,먹노린재,,8호_2025 농작물 병해충 발생정보(제8호) vf.pdf
2025,8,식량작물,예보,해충,벼물바구미,,8호_2025 농작물 병해충 발생정보(제8호) vf.pdf
2025,8,식량작물,예보,해충,벼잎벌레,,8호_2025 농작물 병해충 발생정보(제8호) vf.pdf
2025,8,식량작물,예보,해충,굴파리,,8호_2025 농작물 병해충 발생정보(제8호) vf.pdf
2025,8,식량작물,예보,해충,멸구류,,8호_2025 농작물 병해충 발생정보(제8호) vf.pdf
2025,8,식량작물,예보,해충,혹명나방,,8호_2025 농작물 병해충 발생정보(제8호) vf.pdf
2025,8,식량작물,예보,해충,애멸구,,8호_2025 농작물 병해충 발생정보(제8호) vf.pdf
2025,8,채소,주의보,미분류,담배나방,,8호_2025 농작물 병해충 발생정보(제8호) vf.pdf
2025,8,채소,주의보,미분류,파밤나방,,8호_2025 농작물 병해충 발생정보(제8호) vf.pdf
2025,8,채소,주의보,미분류,역병,,8호_2025 농작물 병해충 발생정보(제8호) vf.pdf
2025,8,채소,주의보,미분류,탄저병,고추,8호_2025 농작물 병해충 발생정보(제8호) vf.pdf
2025,8,채소,주의보,미분류,씨스트선충류,,8호_2025 농작물 병해충 발생정보(제8호) vf.pdf
2025,8,채소,주의보,미분류,토마토뿔나방,,8호_2025 농작물 병해충 발생정보(제8호) vf.pdf
2025,8,채소,예보,병,덩굴마름병,"참외,수박",8호_2025 농작물 병해충 발생정보(제8호) vf.pdf
2025,8,채소,예보,해충,총채벌레류,,8호_2025 농작물 병해충 발생정보(제8호) vf.pdf
2025,8,채소,예보,해충,가루이류,,8호_2025 농작물 병해충 발생정보(제8호) vf.pdf
2025,8,채소,예보,해충,진딧물류,,8호_2025 농작물 병해충 발생정보(제8호) vf.pdf
2025,8,채소,예보,바이러스,토마토반점위조바이러스,"토마토,고추,파프리카등",8호_2025 농작물 병해충 발생정보(제8호) vf.pdf
2025,8,과수,경보,병,과수화상병,,8호_2025 농작물 병해충 발생정보(제8호) vf.pdf
2025,8,과수,주의보,병,과수가지검은마름병,,8호_2025 농작물 병해충 발생정보(제8호) vf.pdf
2025,8,과수,주의보,병,탄저병,,8호_2025 농작물 병해충 발생정보(제8호) vf.pdf
2025,8,과수,주의보,병,복숭아세균구멍병,,8호_2025 농작물 병해충 발생정보(제8호) vf.pdf
2025,8,과수,주의보,병,검은별무늬병,,8호_2025 농작물 병해충 발생정보(제8호) vf.pdf
2025,8,과수,주의보,해충,갈색날개매미충,,8호_2025 농작물 병해충 발생정보(제8호) vf.pdf
2025,8,과수,주의보,해충,미국선녀벌레,,8호_2025 농작물 병해충 발생정보(제8호) vf.pdf
2025,8,과수,주의보,해충,꽃매미,,8호_2025 농작물 병해충 발생정보(제8호) vf.pdf
2025,8,과수,주의보,해충,복숭아심식나방,,8호_2025 농작물 병해충 발생정보(제8호) vf.pdf
2025,8,과수,예보,병,잿빛무늬병,,8호_2025 농작물 병해충 발생정보(제8호) vf.pdf
2025,8,과수,예보,병,포도새눈무늬병,,8호_2025 농작물 병해충 발생정보(제8호) vf.pdf
2025,8,과수,예보,병,참다래궤양병,,8호_2025 농작물 병해충 발생정보(제8호) vf.pdf
2025,8,과수,예보,해충,복숭아순나방,,8호_2025 농작물 병해충 발생정보(제8호) vf.pdf
2025,8,과수,예보,해충,잎말이나방,,8호_2025 농작물 병해충 발생정보(제8호) vf.pdf
2025,8,과수,예보,해충,감꼭지나방,,8호_2025 농작물 병해충 발생정보(제8호) vf.pdf
2025,9,식량작물,주의보,해충,열대거세미나방,옥수수,9호_2025 농작물 병해충 발생정보(제9호) vf.pdf
2025,9,식량작물,주의보,해충,멸강나방,벼등,9호_2025 농작물 병해충 발생정보(제9호) vf.pdf
2025,9,식량작물,주의보,해충,벼멸구,,9호_2025 농작물 병해충 발생정보(제9호) vf.pdf
2025,9,식량작물,주의보,해충,흰등멸구,,9호_2025 농작물 병해충 발생정보(제9호) vf.pdf
2025,9,식량작물,주의보,해충,혹명나방,,9호_2025 농작물 병해충 발생정보(제9호) vf.pdf
2025,9,식량작물,주의보,해충,애멸구,,9호_2025 농작물 병해충 발생정보(제9호) vf.pdf
2025,9,식량작물,주의보,병,벼잎도열병,,9호_2025 농작물 병해충 발생정보(제9호) vf.pdf
2025,9,식량작물,주의보,병,잎집무늬마름병,,9호_2025 농작물 병해충 발생정보(제9호) vf.pdf
2025,9,식량작물,주의보,병,흰잎마름병,,9호_2025 농작물 병해충 발생정보(제9호) vf.pdf
2025,9,식량작물,예보,병,감자역병,고랭지씨감자,9호_2025 농작물 병해충 발생정보(제9호) vf.pdf
2025,9,식량작물,예보,해충,먹노린재,,9호_2025 농작물 병해충 발생정보(제9호) vf.pdf
2025,9,채소,주의보,해충,담배나방,,9호_2025 농작물 병해충 발생정보(제9호) vf.pdf
2025,9,채소,주의보,해충,파밤나방,,9호_2025 농작물 병해충 발생정보(제9호) vf.pdf
2025,9,채소,주의보,병,바이러스,,9호_2025 농작물 병해충 발생정보(제9호) vf.pdf
2025,9,채소,주의보,병,역병,,9호_2025 농작물 병해충 발생정보(제9호) vf.pdf
2025,9,채소,주의보,병,탄저병,,9호_2025 농작물 병해충 발생정보(제9호) vf.pdf
2025,9,채소,주의보,병,고랭지무,,9호_2025 농작물 병해충 발생정보(제9호) vf.pdf
2025,9,채소,주의보,병,배추무름병,,9호_2025 농작물 병해충 발생정보(제9호) vf.pdf
2025,9,채소,주의보,병,뿌리혹병,,9호_2025 농작물 병해충 발생정보(제9호) vf.pdf
2025,9,채소,주의보,병,씨스트선충류,,9호_2025 농작물 병해충 발생정보(제9호) vf.pdf
2025,9,채소,주의보,병,토마토뿔나방,,9호_2025 농작물 병해충 발생정보(제9호) vf.pdf
2025,9,채소,예보,해충,총채벌레류,,9호_2025 농작물 병해충 발생정보(제9호) vf.pdf
2025,9,채소,예보,해충,가루이류,,9호_2025 농작물 병해충 발생정보(제9호) vf.pdf
2025,9,채소,예보,해충,진딧물류,,9호_2025 농작물 병해충 발생정보(제9호) vf.pdf
2025,9,채소,예보,바이러스,토마토반점위조바이러스,"토마토,고추,파프리카등",9호_2025 농작물 병해충 발생정보(제9호) vf.pdf
2025,9,과수,경보,병,과수화상병,,9호_2025 농작물 병해충 발생정보(제9호) vf.pdf
2025,9,과수,주의보,병,과수가지검은마름병,,9호_2025 농작물 병해충 발생정보(제9호) vf.pdf
2025,9,과수,주의보,병,탄저병,,9호_2025 농작물 병해충 발생정보(제9호) vf.pdf
2025,9,과수,주의보,병,사과갈색무늬병,,9호_2025 농작물 병해충 발생정보(제9호) vf.pdf
2025,9,과수,주의보,병,노균병,포도,9호_2025 농작물 병해충 발생정보(제9호) vf.pdf
2025,9,과수,주의보,해충,갈색날개매미충,,9호_2025 농작물 병해충 발생정보(제9호) vf.pdf
2025,9,과수,주의보,해충,미국선녀벌레,,9호_2025 농작물 병해충 발생정보(제9호) vf.pdf
2025,9,과수,주의보,해충,꽃매미,,9호_2025 농작물 병해충 발생정보(제9호) vf.pdf
2025,9,과수,주의보,해충,복숭아심식나방,,9호_2025 농작물 병해충 발생정보(제9호) vf.pdf
2025,9,과수,예보,병,포도새눈무늬병,,9호_2025 농작물 병해충 발생정보(제9호) vf.pdf
2025,9,과수,예보,병,갈색무늬병,,9호_2025 농작물 병해충 발생정보(제9호) vf.pdf
2025,9,과수,예보,병,점무늬낙엽병,,9호_2025 농작물 병해충 발생정보(제9호) vf.pdf
2025,9,과수,예보,해충,복숭아순나방,,9호_2025 농작물 병해충 발생정보(제9호) vf.pdf
2025,9,과수,예보,해충,응애류,,9호_2025 농작물 병해충 발생정보(제9호) vf.pdf
2025,9,과수,예보,해충,노린재류,,9호_2025 농작물 병해충 발생정보(제9호) vf.pdf
2025,9,과수,예보,해충,뽕나무깍지벌레,핵과류,9호_2025 농작물 병해충 발생정보(제9호) vf.pdf
2026,10,식량작물,주의보,병,이삭도열병,,10호_2026년 농작물 병해충 발생정보(제10호)vf.pdf
2026,10,식량작물,주의보,해충,벼멸구,,10호_2026년 농작물 병해충 발생정보(제10호)vf.pdf
2026,10,식량작물,주의보,해충,흰등멸구,,10호_2026년 농작물 병해충 발생정보(제10호)vf.pdf
2026,10,식량작물,예보,병,잎집무늬마름병,,10호_2026년 농작물 병해충 발생정보(제10호)vf.pdf
2026,10,식량작물,예보,병,흰잎마름병,,10호_2026년 농작물 병해충 발생정보(제10호)vf.pdf
2026,10,식량작물,예보,병,세균벼알마름병,,10호_2026년 농작물 병해충 발생정보(제10호)vf.pdf
2026,10,식량작물,예보,해충,혹명나방,,10호_2026년 농작물 병해충 발생정보(제10호)vf.pdf
2026,10,식량작물,예보,해충,열대거세미나방,,10호_2026년 농작물 병해충 발생정보(제10호)vf.pdf
2026,10,식량작물,예보,해충,이화명나방,,10호_2026년 농작물 병해충 발생정보(제10호)vf.pdf
2026,10,식량작물,예보,해충,먹노린재,,10호_2026년 농작물 병해충 발생정보(제10호)vf.pdf
2026,10,채소,주의보,병,바이러스,,10호_2026년 농작물 병해충 발생정보(제10호)vf.pdf
2026,10,채소,주의보,병,역병,,10호_2026년 농작물 병해충 발생정보(제10호)vf.pdf
2026,10,채소,주의보,병,탄저병,,10호_2026년 농작물 병해충 발생정보(제10호)vf.pdf
2026,10,채소,주의보,병,배추반쪽시들음병,,10호_2026년 농작물 병해충 발생정보(제10호)vf.pdf
2026,10,채소,주의보,병,검은썩음병,,10호_2026년 농작물 병해충 발생정보(제10호)vf.pdf
2026,10,채소,주의보,해충,담배나방,,10호_2026년 농작물 병해충 발생정보(제10호)vf.pdf
2026,10,채소,주의보,해충,파밤나방,,10호_2026년 농작물 병해충 발생정보(제10호)vf.pdf
2026,10,채소,예보,병,배추무름병,,10호_2026년 농작물 병해충 발생정보(제10호)vf.pdf
2026,10,채소,예보,병,뿌리혹병,,10호_2026년 농작물 병해충 발생정보(제10호)vf.pdf
2026,10,채소,예보,병,배추노균병,,10호_2026년 농작물 병해충 발생정보(제10호)vf.pdf
2026,10,채소,예보,병,그루썩음병,,10호_2026년 농작물 병해충 발생정보(제10호)vf.pdf
2026,10,채소,예보,해충,씨스트선충류,,10호_2026년 농작물 병해충 발생정보(제10호)vf.pdf
2026,10,과수,주의보,병,탄저병,,10호_2026년 농작물 병해충 발생정보(제10호)vf.pdf
2026,10,과수,주의보,병,과수화상병,,10호_2026년 농작물 병해충 발생정보(제10호)vf.pdf
2026,10,과수,주의보,병,과수가지검은마름병,,10호_2026년 농작물 병해충 발생정보(제10호)vf.pdf
2026,10,과수,주의보,병,사과갈색무늬병,,10호_2026년 농작물 병해충 발생정보(제10호)vf.pdf
2026,10,과수,주의보,해충,복숭아순나방,,10호_2026년 농작물 병해충 발생정보(제10호)vf.pdf
2026,10,과수,주의보,해충,갈색날개매미충,,10호_2026년 농작물 병해충 발생정보(제10호)vf.pdf
2026,10,과수,주의보,해충,미국선녀벌레,,10호_2026년 농작물 병해충 발생정보(제10호)vf.pdf
2026,10,과수,주의보,해충,꽃매미,,10호_2026년 농작물 병해충 발생정보(제10호)vf.pdf
2026,10,과수,예보,병,점무늬낙엽병,,10호_2026년 농작물 병해충 발생정보(제10호)vf.pdf
2026,10,과수,예보,해충,복숭아심식나방,,10호_2026년 농작물 병해충 발생정보(제10호)vf.pdf
2026,10,과수,예보,해충,응애류,,10호_2026년 농작물 병해충 발생정보(제10호)vf.pdf
2026,10,과수,예보,해충,노린재류,,10호_2026년 농작물 병해충 발생정보(제10호)vf.pdf
2026,11,식량작물,주의보,병,이삭도열병,,11호_2026년 농작물 병해충 발생정보(제11호)vf.pdf
2026,11,식량작물,주의보,해충,벼멸구,,11호_2026년 농작물 병해충 발생정보(제11호)vf.pdf
2026,11,식량작물,주의보,해충,흰등멸구,,11호_2026년 농작물 병해충 발생정보(제11호)vf.pdf
2026,11,식량작물,주의보,해충,혹명나방,,11호_2026년 농작물 병해충 발생정보(제11호)vf.pdf
2026,11,식량작물,예보,병,잎집무늬마름병,,11호_2026년 농작물 병해충 발생정보(제11호)vf.pdf
2026,11,식량작물,예보,병,흰잎마름병,,11호_2026년 농작물 병해충 발생정보(제11호)vf.pdf
2026,11,식량작물,예보,병,세균벼알마름병,,11호_2026년 농작물 병해충 발생정보(제11호)vf.pdf
2026,11,식량작물,예보,병,깨씨무늬병,,11호_2026년 농작물 병해충 발생정보(제11호)vf.pdf
2026,11,식량작물,예보,해충,열대거세미나방,,11호_2026년 농작물 병해충 발생정보(제11호)vf.pdf
2026,11,식량작물,예보,해충,먹노린재,,11호_2026년 농작물 병해충 발생정보(제11호)vf.pdf
2026,11,채소,주의보,병,바이러스,,11호_2026년 농작물 병해충 발생정보(제11호)vf.pdf
2026,11,채소,주의보,병,역병,,11호_2026년 농작물 병해충 발생정보(제11호)vf.pdf
2026,11,채소,주의보,병,탄저병,,11호_2026년 농작물 병해충 발생정보(제11호)vf.pdf
2026,11,채소,주의보,병,배추노균병,,11호_2026년 농작물 병해충 발생정보(제11호)vf.pdf
2026,11,채소,주의보,병,반쪽시들음병,,11호_2026년 농작물 병해충 발생정보(제11호)vf.pdf
2026,11,채소,주의보,병,검은썩음병,,11호_2026년 농작물 병해충 발생정보(제11호)vf.pdf
2026,11,채소,주의보,해충,담배나방,,11호_2026년 농작물 병해충 발생정보(제11호)vf.pdf
2026,11,채소,주의보,해충,파밤나방,,11호_2026년 농작물 병해충 발생정보(제11호)vf.pdf
2026,11,채소,주의보,해충,씨스트선충류,,11호_2026년 농작물 병해충 발생정보(제11호)vf.pdf
2026,11,채소,예보,병,배추무름병,,11호_2026년 농작물 병해충 발생정보(제11호)vf.pdf
2026,11,채소,예보,병,뿌리혹병,,11호_2026년 농작물 병해충 발생정보(제11호)vf.pdf
2026,11,채소,예보,병,배추그루썩음병,,11호_2026년 농작물 병해충 발생정보(제11호)vf.pdf
2026,11,채소,예보,병,바이러스병,,11호_2026년 농작물 병해충 발생정보(제11호)vf.pdf
2026,11,채소,예보,해충,배추좀나방,,11호_2026년 농작물 병해충 발생정보(제11호)vf.pdf
2026,11,채소,예보,해충,토마토뿔나방,,11호_2026년 농작물 병해충 발생정보(제11호)vf.pdf
2026,11,채소,예보,해충,총채벌레류,,11호_2026년 농작물 병해충 발생정보(제11호)vf.pdf
2026,11,채소,예보,해충,응애류,,11호_2026년 농작물 병해충 발생정보(제11호)vf.pdf
2026,11,채소,예보,해충,가루이류,,11호_2026년 농작물 병해충 발생정보(제11호)vf.pdf
2026,11,채소,예보,해충,벼룩잎벌레,,11호_2026년 농작물 병해충 발생정보(제11호)vf.pdf
2026,11,과수,주의보,병,탄저병,,11호_2026년 농작물 병해충 발생정보(제11호)vf.pdf
2026,11,과수,주의보,병,과수화상병,,11호_2026년 농작물 병해충 발생정보(제11호)vf.pdf
2026,11,과수,주의보,병,과수가지검은마름병,,11호_2026년 농작물 병해충 발생정보(제11호)vf.pdf
2026,11,과수,주의보,병,사과갈색무늬병,,11호_2026년 농작물 병해충 발생정보(제11호)vf.pdf
2026,11,과수,주의보,해충,복숭아순나방,,11호_2026년 농작물 병해충 발생정보(제11호)vf.pdf
2026,11,과수,주의보,해충,갈색날개매미충,,11호_2026년 농작물 병해충 발생정보(제11호)vf.pdf
2026,11,과수,주의보,해충,미국선녀벌레,,11호_2026년 농작물 병해충 발생정보(제11호)vf.pdf
2026,11,과수,주의보,해충,꽃매미,,11호_2026년 농작물 병해충 발생정보(제11호)vf.pdf
2026,11,과수,예보,병,점무늬낙엽병,,11호_2026년 농작물 병해충 발생정보(제11호)vf.pdf
2026,11,과수,예보,병,포도새눈무늬병,,11호_2026년 농작물 병해충 발생정보(제11호)vf.pdf
2026,11,과수,예보,병,갈색무늬병,,11호_2026년 농작물 병해충 발생정보(제11호)vf.pdf
2026,11,과수,예보,병,노균병,,11호_2026년 농작물 병해충 발생정보(제11호)vf.pdf
2026,11,과수,예보,해충,복숭아심식나방,,11호_2026년 농작물 병해충 발생정보(제11호)vf.pdf
2026,11,과수,예보,해충,응애류,,11호_2026년 농작물 병해충 발생정보(제11호)vf.pdf
2026,11,과수,예보,해충,노린재류,,11호_2026년 농작물 병해충 발생정보(제11호)vf.pdf
2026,12,식량작물,경보,해충,벼멸구,,12호_2026년 농작물 병해충 발생정보(제12호)vf.pdf
2026,12,식량작물,경보,해충,혹명나방,,12호_2026년 농작물 병해충 발생정보(제12호)vf.pdf
2026,12,식량작물,주의보,병,이삭도열병,,12호_2026년 농작물 병해충 발생정보(제12호)vf.pdf
2026,12,식량작물,주의보,병,세균벼알마름병,,12호_2026년 농작물 병해충 발생정보(제12호)vf.pdf
2026,12,식량작물,주의보,병,깨씨무늬병,,12호_2026년 농작물 병해충 발생정보(제12호)vf.pdf
2026,12,식량작물,예보,병,잎집무늬마름병,,12호_2026년 농작물 병해충 발생정보(제12호)vf.pdf
2026,12,식량작물,예보,병,흰잎마름병,,12호_2026년 농작물 병해충 발생정보(제12호)vf.pdf
2026,12,식량작물,예보,해충,흰등멸구,,12호_2026년 농작물 병해충 발생정보(제12호)vf.pdf
2026,12,식량작물,예보,해충,이화명나방,,12호_2026년 농작물 병해충 발생정보(제12호)vf.pdf
2026,12,채소,주의보,병,바이러스,,12호_2026년 농작물 병해충 발생정보(제12호)vf.pdf
2026,12,채소,주의보,병,역병,,12호_2026년 농작물 병해충 발생정보(제12호)vf.pdf
2026,12,채소,주의보,병,탄저병,,12호_2026년 농작물 병해충 발생정보(제12호)vf.pdf
2026,12,채소,주의보,병,배추반쪽시들음병,,12호_2026년 농작물 병해충 발생정보(제12호)vf.pdf
2026,12,채소,주의보,병,배추무름병,,12호_2026년 농작물 병해충 발생정보(제12호)vf.pdf
2026,12,채소,주의보,해충,담배나방,,12호_2026년 농작물 병해충 발생정보(제12호)vf.pdf
2026,12,채소,주의보,해충,파밤나방,,12호_2026년 농작물 병해충 발생정보(제12호)vf.pdf
2026,12,채소,예보,병,뿌리혹병,,12호_2026년 농작물 병해충 발생정보(제12호)vf.pdf
2026,12,채소,예보,병,배추노균병,,12호_2026년 농작물 병해충 발생정보(제12호)vf.pdf
2026,12,채소,예보,병,검은썩음병,,12호_2026년 농작물 병해충 발생정보(제12호)vf.pdf
2026,12,채소,예보,병,그루썩음병,,12호_2026년 농작물 병해충 발생정보(제12호)vf.pdf
2026,12,채소,예보,병,바이러스병,,12호_2026년 농작물 병해충 발생정보(제12호)vf.pdf
2026,12,채소,예보,해충,배추좀나방,,12호_2026년 농작물 병해충 발생정보(제12호)vf.pdf
2026,12,채소,예보,해충,토마토뿔나방,,12호_2026년 농작물 병해충 발생정보(제12호)vf.pdf
2026,12,채소,예보,해충,총채벌레류,,12호_2026년 농작물 병해충 발생정보(제12호)vf.pdf
2026,12,채소,예보,해충,응애류,,12호_2026년 농작물 병해충 발생정보(제12호)vf.pdf
2026,12,채소,예보,해충,가루이류,,12호_2026년 농작물 병해충 발생정보(제12호)vf.pdf
2026,12,채소,예보,해충,벼룩잎벌레,,12호_2026년 농작물 병해충 발생정보(제12호)vf.pdf
2026,12,채소,예보,해충,씨스트선충류,,12호_2026년 농작물 병해충 발생정보(제12호)vf.pdf
2026,12,과수,주의보,병,탄저병,,12호_2026년 농작물 병해충 발생정보(제12호)vf.pdf
2026,12,과수,주의보,병,사과갈색무늬병,,12호_2026년 농작물 병해충 발생정보(제12호)vf.pdf
2026,12,과수,주의보,해충,복숭아순나방,,12호_2026년 농작물 병해충 발생정보(제12호)vf.pdf
2026,12,과수,주의보,해충,갈색날개매미충,,12호_2026년 농작물 병해충 발생정보(제12호)vf.pdf
2026,12,과수,주의보,해충,미국선녀벌레,,12호_2026년 농작물 병해충 발생정보(제12호)vf.pdf
2026,12,과수,주의보,해충,꽃매미,,12호_2026년 농작물 병해충 발생정보(제12호)vf.pdf
2026,12,과수,예보,병,과수화상병,,12호_2026년 농작물 병해충 발생정보(제12호)vf.pdf
2026,12,과수,예보,병,과수가지검은마름병,,12호_2026년 농작물 병해충 발생정보(제12호)vf.pdf
2026,12,과수,예보,병,점무늬낙엽병,,12호_2026년 농작물 병해충 발생정보(제12호)vf.pdf
2026,12,과수,예보,병,포도,,12호_2026년 농작물 병해충 발생정보(제12호)vf.pdf
2026,12,과수,예보,해충,복숭아심식나방,,12호_2026년 농작물 병해충 발생정보(제12호)vf.pdf
2026,12,과수,예보,해충,응애류,,12호_2026년 농작물 병해충 발생정보(제12호)vf.pdf
2026,12,과수,예보,해충,노린재류,,12호_2026년 농작물 병해충 발생정보(제12호)vf.pdf
2026,1,시설채소,예보,병,잿빛곰팡이병,,1호_2026년 농작물 병해충 발생정보(제1호).pdf
2026,1,시설채소,예보,병,균핵병,,1호_2026년 농작물 병해충 발생정보(제1호).pdf
2026,1,시설채소,예보,병,흰가루병,,1호_2026년 농작물 병해충 발생정보(제1호).pdf
2026,1,시설채소,예보,병,노균병,,1호_2026년 농작물 병해충 발생정보(제1호).pdf
2026,1,시설채소,예보,병,딸기꽃곰팡이병,,1호_2026년 농작물 병해충 발생정보(제1호).pdf
2026,1,시설채소,예보,병,딸기세균모무늬병,,1호_2026년 농작물 병해충 발생정보(제1호).pdf
2026,1,시설채소,예보,바이러스,토마토반점위조바이러스,,1호_2026년 농작물 병해충 발생정보(제1호).pdf
2026,1,시설채소,예보,바이러스,토마토황화잎말림병,,1호_2026년 농작물 병해충 발생정보(제1호).pdf
2026,1,시설채소,예보,바이러스,쥬키니황화모자이크바이러스,,1호_2026년 농작물 병해충 발생정보(제1호).pdf
2026,1,시설채소,예보,해충,총채벌레류,,1호_2026년 농작물 병해충 발생정보(제1호).pdf
2026,1,시설채소,예보,해충,가루이류,,1호_2026년 농작물 병해충 발생정보(제1호).pdf
2026,1,시설채소,예보,해충,진딧물류,,1호_2026년 농작물 병해충 발생정보(제1호).pdf
2026,1,시설채소,예보,해충,응애류,,1호_2026년 농작물 병해충 발생정보(제1호).pdf
2026,1,시설채소,예보,해충,작은뿌리파리,,1호_2026년 농작물 병해충 발생정보(제1호).pdf
2026,1,시설채소,예보,해충,토마토뿔나방,,1호_2026년 농작물 병해충 발생정보(제1호).pdf
2026,1,과수,예보,병,과수화상병,,1호_2026년 농작물 병해충 발생정보(제1호).pdf
2026,1,과수,예보,병,과수가지검은마름병,,1호_2026년 농작물 병해충 발생정보(제1호).pdf
2026,2,채소,예보,병,잿빛곰팡이병,,2호_2026년 농작물 병해충 발생정보(제2호).pdf
2026,2,채소,예보,병,균핵병,,2호_2026년 농작물 병해충 발생정보(제2호).pdf
2026,2,채소,예보,병,흰가루병,,2호_2026년 농작물 병해충 발생정보(제2호).pdf
2026,2,채소,예보,병,노균병,양파,2호_2026년 농작물 병해충 발생정보(제2호).pdf
2026,2,채소,예보,병,딸기꽃곰팡이병,,2호_2026년 농작물 병해충 발생정보(제2호).pdf
2026,2,채소,예보,병,딸기세균모무늬병,,2호_2026년 농작물 병해충 발생정보(제2호).pdf
2026,2,채소,예보,병,역병,,2호_2026년 농작물 병해충 발생정보(제2호).pdf
2026,2,채소,예보,해충,고자리파리,,2호_2026년 농작물 병해충 발생정보(제2호).pdf
2026,2,채소,예보,해충,총채벌레류,,2호_2026년 농작물 병해충 발생정보(제2호).pdf
2026,2,채소,예보,해충,가루이류,,2호_2026년 농작물 병해충 발생정보(제2호).pdf
2026,2,채소,예보,해충,진딧물,,2호_2026년 농작물 병해충 발생정보(제2호).pdf
2026,2,채소,예보,해충,응애류,,2호_2026년 농작물 병해충 발생정보(제2호).pdf
2026,2,채소,예보,해충,작은뿌리파리,,2호_2026년 농작물 병해충 발생정보(제2호).pdf
2026,2,채소,예보,바이러스,토마토반점위조바이러스,,2호_2026년 농작물 병해충 발생정보(제2호).pdf
2026,2,채소,예보,바이러스,쥬키니황화모자이크바이러스,,2호_2026년 농작물 병해충 발생정보(제2호).pdf
2026,2,채소,예보,바이러스,토마토황화잎말림바이러스,,2호_2026년 농작물 병해충 발생정보(제2호).pdf
2026,2,과수,예보,병,과수화상병,,2호_2026년 농작물 병해충 발생정보(제2호).pdf
2026,2,과수,예보,병,과수가지검은마름병,,2호_2026년 농작물 병해충 발생정보(제2호).pdf
2026,2,과수,예보,해충,주경배나무이,,2호_2026년 농작물 병해충 발생정보(제2호).pdf
2026,3,채소,예보,병,모잘록병,,3호_2026년 농작물 병해충 발생정보(제3호).pdf
2026,3,채소,예보,병,잿빛곰팡이병,,3호_2026년 농작물 병해충 발생정보(제3호).pdf
2026,3,채소,예보,병,흰가루병,,3호_2026년 농작물 병해충 발생정보(제3호).pdf
2026,3,채소,예보,병,노균병,,3호_2026년 농작물 병해충 발생정보(제3호).pdf
2026,3,채소,예보,병,흑색썩음균핵병,,3호_2026년 농작물 병해충 발생정보(제3호).pdf
2026,3,채소,예보,병,역병,,3호_2026년 농작물 병해충 발생정보(제3호).pdf
2026,3,채소,예보,병,딸기꽃곰팡이병,,3호_2026년 농작물 병해충 발생정보(제3호).pdf
2026,3,채소,예보,병,딸기세균모무늬병,,3호_2026년 농작물 병해충 발생정보(제3호).pdf
2026,3,채소,예보,해충,총채벌레류,,3호_2026년 농작물 병해충 발생정보(제3호).pdf
2026,3,채소,예보,해충,가루이류,,3호_2026년 농작물 병해충 발생정보(제3호).pdf
2026,3,채소,예보,해충,진딧물,,3호_2026년 농작물 병해충 발생정보(제3호).pdf
2026,3,채소,예보,해충,응애류,,3호_2026년 농작물 병해충 발생정보(제3호).pdf
2026,3,채소,예보,해충,작은뿌리파리,,3호_2026년 농작물 병해충 발생정보(제3호).pdf
2026,3,채소,예보,바이러스,토마토반점위조바이러스,,3호_2026년 농작물 병해충 발생정보(제3호).pdf
2026,3,채소,예보,바이러스,토마토황화잎말림바이러스,,3호_2026년 농작물 병해충 발생정보(제3호).pdf
2026,3,채소,예보,바이러스,쥬키니황화모자이크바이러스,,3호_2026년 농작물 병해충 발생정보(제3호).pdf
2026,3,과수,예보,병,과수화상병,,3호_2026년 농작물 병해충 발생정보(제3호).pdf
2026,3,과수,예보,병,과수가지검은마름병,,3호_2026년 농작물 병해충 발생정보(제3호).pdf
2026,3,과수,예보,해충,주경배나무이,,3호_2026년 농작물 병해충 발생정보(제3호).pdf
2026,4,식량작물,예보,미분류,종자전염성병,"키다리병,깨씨무늬병등",4호_2026년 농작물 병해충 발생정보(제4호).pdf
2026,4,식량작물,예보,미분류,못자리병,"모잘록,뜸모",4호_2026년 농작물 병해충 발생정보(제4호).pdf
2026,4,식량작물,예보,미분류,맥류붉은곰팡이병,,4호_2026년 농작물 병해충 발생정보(제4호).pdf
2026,4,채소,예보,병,노균병,양파,4호_2026년 농작물 병해충 발생정보(제4호).pdf
2026,4,채소,예보,병,잎마름병,"마늘,양파",4호_2026년 농작물 병해충 발생정보(제4호).pdf
2026,4,채소,예보,병,흑색썩음균핵병,"마늘,양파",4호_2026년 농작물 병해충 발생정보(제4호).pdf
2026,4,채소,예보,병,잿빛곰팡이병,"딸기,오이,토마토,상추등",4호_2026년 농작물 병해충 발생정보(제4호).pdf
2026,4,채소,예보,병,"흰가루병(딸기,오이,",,4호_2026년 농작물 병해충 발생정보(제4호).pdf
2026,4,채소,예보,병,메론,,4호_2026년 농작물 병해충 발생정보(제4호).pdf
2026,4,채소,예보,병,토마토궤양병,,4호_2026년 농작물 병해충 발생정보(제4호).pdf
2026,4,채소,예보,해충,토마토뿔나방,토마토,4호_2026년 농작물 병해충 발생정보(제4호).pdf
2026,4,채소,예보,해충,고자리파리,"마늘,양파",4호_2026년 농작물 병해충 발생정보(제4호).pdf
2026,4,채소,예보,해충,"뿌리응애(마늘,",,4호_2026년 농작물 병해충 발생정보(제4호).pdf
2026,4,채소,예보,해충,양파,,4호_2026년 농작물 병해충 발생정보(제4호).pdf
2026,4,채소,예보,해충,총채벌레류,,4호_2026년 농작물 병해충 발생정보(제4호).pdf
2026,4,채소,예보,해충,가루이류,,4호_2026년 농작물 병해충 발생정보(제4호).pdf
2026,4,채소,예보,해충,진딧물,,4호_2026년 농작물 병해충 발생정보(제4호).pdf
2026,4,채소,예보,해충,응애류,,4호_2026년 농작물 병해충 발생정보(제4호).pdf
2026,4,채소,예보,바이러스,토마토반점위조바이러스,"토마토,고추,파프리카등",4호_2026년 농작물 병해충 발생정보(제4호).pdf
2026,4,과수,예보,병,과수화상병,,4호_2026년 농작물 병해충 발생정보(제4호).pdf
2026,4,과수,예보,병,과수가지검은마름병,,4호_2026년 농작물 병해충 발생정보(제4호).pdf
2026,4,과수,예보,병,검은별무늬병,"사과,배",4호_2026년 농작물 병해충 발생정보(제4호).pdf
2026,4,과수,예보,병,참다래궤양병,,4호_2026년 농작물 병해충 발생정보(제4호).pdf
2026,4,과수,예보,해충,나무좀류,"사과,복숭아",4호_2026년 농작물 병해충 발생정보(제4호).pdf
2026,4,과수,예보,해충,사과응애,사과,4호_2026년 농작물 병해충 발생정보(제4호).pdf
2026,4,과수,예보,해충,복숭아씨살이좀벌,복숭아,4호_2026년 농작물 병해충 발생정보(제4호).pdf
2026,5,식량작물,예보,미분류,병붉은곰팡이병:,,5호_2026년 농작물 병해충 발생정보(제5호).pdf
2026,5,식량작물,예보,미분류,맥류모마름병뜸모,,5호_2026년 농작물 병해충 발생정보(제5호).pdf
2026,5,식량작물,예보,해충,열대거세미나방,,5호_2026년 농작물 병해충 발생정보(제5호).pdf
2026,5,채소,예보,바이러스,"토마토반점위조바이러스(,,)토마토고추파프리카",,5호_2026년 농작물 병해충 발생정보(제5호).pdf
2026,6,식량작물,예보,미분류,열대거세미나방,옥수수,6호_2026 농작물 병해충 발생정보(제6호)vf.pdf
2026,6,식량작물,예보,미분류,멸강나방,,6호_2026 농작물 병해충 발생정보(제6호)vf.pdf
2026,6,식량작물,예보,미분류,애멸구,벼줄무늬잎마름병,6호_2026 농작물 병해충 발생정보(제6호)vf.pdf
2026,6,식량작물,예보,미분류,조명나방,,6호_2026 농작물 병해충 발생정보(제6호)vf.pdf
2026,6,식량작물,예보,미분류,벼물바구미,,6호_2026 농작물 병해충 발생정보(제6호)vf.pdf
2026,6,채소,예보,병,역병,,6호_2026 농작물 병해충 발생정보(제6호)vf.pdf
2026,6,채소,예보,병,탄저병,고추,6호_2026 농작물 병해충 발생정보(제6호)vf.pdf
2026,6,채소,예보,병,흰가루병,오이등,6호_2026 농작물 병해충 발생정보(제6호)vf.pdf
2026,6,채소,예보,병,덩굴마름병,"수박,참외",6호_2026 농작물 병해충 발생정보(제6호)vf.pdf
2026,6,채소,예보,해충,씨스트선충류,,6호_2026 농작물 병해충 발생정보(제6호)vf.pdf
2026,6,채소,예보,해충,총채벌레류,,6호_2026 농작물 병해충 발생정보(제6호)vf.pdf
2026,6,채소,예보,해충,가루이류,,6호_2026 농작물 병해충 발생정보(제6호)vf.pdf
2026,6,채소,예보,해충,진딧물류,,6호_2026 농작물 병해충 발생정보(제6호)vf.pdf
2026,6,채소,예보,해충,토마토뿔나방,,6호_2026 농작물 병해충 발생정보(제6호)vf.pdf
2026,6,채소,예보,바이러스,토마토반점위조바이러스,"토마토,고추,파프리카등",6호_2026 농작물 병해충 발생정보(제6호)vf.pdf
2026,6,과수,경보,병,과수화상병,,6호_2026 농작물 병해충 발생정보(제6호)vf.pdf
2026,6,과수,주의보,병,과수가지검은마름병,,6호_2026 농작물 병해충 발생정보(제6호)vf.pdf
2026,6,과수,예보,병,탄저병,"사과,복숭아,포도,단감",6호_2026 농작물 병해충 발생정보(제6호)vf.pdf
2026,6,과수,예보,병,세균구멍병‧잿빛무늬병,복숭아,6호_2026 농작물 병해충 발생정보(제6호)vf.pdf
2026,6,과수,예보,병,"참다래(키위,다래)궤양병",,6호_2026 농작물 병해충 발생정보(제6호)vf.pdf
2026,6,과수,예보,해충,복숭아순나방,,6호_2026 농작물 병해충 발생정보(제6호)vf.pdf
2026,6,과수,예보,해충,잎말이나방,,6호_2026 농작물 병해충 발생정보(제6호)vf.pdf
2026,6,과수,예보,해충,감꼭지나방,,6호_2026 농작물 병해충 발생정보(제6호)vf.pdf
2026,7,식량작물,예보,병,잎도열병,,7호_2026 농작물 병해충 발생정보(제7호)vf.pdf
2026,7,식량작물,예보,해충,열대거세미나방,옥수수,7호_2026 농작물 병해충 발생정보(제7호)vf.pdf
2026,7,식량작물,예보,해충,멸강나방,,7호_2026 농작물 병해충 발생정보(제7호)vf.pdf
2026,7,식량작물,예보,해충,애멸구,벼줄무늬잎마름병,7호_2026 농작물 병해충 발생정보(제7호)vf.pdf
2026,7,식량작물,예보,해충,조명나방,,7호_2026 농작물 병해충 발생정보(제7호)vf.pdf
2026,7,식량작물,예보,해충,벼물바구미,,7호_2026 농작물 병해충 발생정보(제7호)vf.pdf
2026,7,채소,예보,병,역병,,7호_2026 농작물 병해충 발생정보(제7호)vf.pdf
2026,7,채소,예보,병,탄저병,고추,7호_2026 농작물 병해충 발생정보(제7호)vf.pdf
2026,7,채소,예보,병,흰가루병,오이등,7호_2026 농작물 병해충 발생정보(제7호)vf.pdf
2026,7,채소,예보,병,노균병,,7호_2026 농작물 병해충 발생정보(제7호)vf.pdf
2026,7,채소,예보,병,반쪽시들음병,,7호_2026 농작물 병해충 발생정보(제7호)vf.pdf
2026,7,채소,예보,해충,씨스트선충류,,7호_2026 농작물 병해충 발생정보(제7호)vf.pdf
2026,7,채소,예보,해충,총채벌레류,,7호_2026 농작물 병해충 발생정보(제7호)vf.pdf
2026,7,채소,예보,해충,가루이류,,7호_2026 농작물 병해충 발생정보(제7호)vf.pdf
2026,7,채소,예보,해충,진딧물류,,7호_2026 농작물 병해충 발생정보(제7호)vf.pdf
2026,7,채소,예보,해충,토마토뿔나방,,7호_2026 농작물 병해충 발생정보(제7호)vf.pdf
2026,7,채소,예보,해충,배추좀나방,여름배추,7호_2026 농작물 병해충 발생정보(제7호)vf.pdf
2026,7,채소,예보,바이러스,토마토반점위조바이러스,"토마토,고추,파프리카,상추등",7호_2026 농작물 병해충 발생정보(제7호)vf.pdf
2026,7,과수,경보,병,과수화상병,,7호_2026 농작물 병해충 발생정보(제7호)vf.pdf
2026,7,과수,주의보,병,과수가지검은마름병,,7호_2026 농작물 병해충 발생정보(제7호)vf.pdf
2026,7,과수,예보,병,세균구멍병‧잿빛무늬병,복숭아,7호_2026 농작물 병해충 발생정보(제7호)vf.pdf
2026,7,과수,예보,병,탄저병,"사과,복숭아,포도,단감",7호_2026 농작물 병해충 발생정보(제7호)vf.pdf
2026,7,과수,예보,병,"참다래(키위,다래)궤양병",,7호_2026 농작물 병해충 발생정보(제7호)vf.pdf
2026,7,과수,예보,해충,노린재,,7호_2026 농작물 병해충 발생정보(제7호)vf.pdf
2026,7,과수,예보,해충,복숭아순나방,,7호_2026 농작물 병해충 발생정보(제7호)vf.pdf
2026,7,과수,예보,해충,복숭아심식나방,,7호_2026 농작물 병해충 발생정보(제7호)vf.pdf
2026,7,과수,예보,해충,잎말이나방,,7호_2026 농작물 병해충 발생정보(제7호)vf.pdf
2026,7,과수,예보,해충,감꼭지나방,,7호_2026 농작물 병해충 발생정보(제7호)vf.pdf
2026,8,식량작물,예보,병,감자역병,고랭지씨감자,8호_2026 농작물 병해충 발생정보(제8호)vf.pdf
2026,8,식량작물,예보,병,잎도열병,,8호_2026 농작물 병해충 발생정보(제8호)vf.pdf
2026,8,식량작물,예보,해충,열대거세미나방,옥수수,8호_2026 농작물 병해충 발생정보(제8호)vf.pdf
2026,8,식량작물,예보,해충,멸강나방,,8호_2026 농작물 병해충 발생정보(제8호)vf.pdf
2026,8,식량작물,예보,해충,먹노린재,,8호_2026 농작물 병해충 발생정보(제8호)vf.pdf
2026,8,식량작물,예보,해충,벼물바구미,,8호_2026 농작물 병해충 발생정보(제8호)vf.pdf
2026,8,식량작물,예보,해충,벼잎벌레,,8호_2026 농작물 병해충 발생정보(제8호)vf.pdf
2026,8,식량작물,예보,해충,굴파리,,8호_2026 농작물 병해충 발생정보(제8호)vf.pdf
2026,8,식량작물,예보,해충,벼멸구,,8호_2026 농작물 병해충 발생정보(제8호)vf.pdf
2026,8,식량작물,예보,해충,흰등멸구,,8호_2026 농작물 병해충 발생정보(제8호)vf.pdf
2026,8,식량작물,예보,해충,혹명나방,,8호_2026 농작물 병해충 발생정보(제8호)vf.pdf
2026,8,식량작물,예보,해충,애멸구,,8호_2026 농작물 병해충 발생정보(제8호)vf.pdf
2026,8,채소,예보,병,역병,,8호_2026 농작물 병해충 발생정보(제8호)vf.pdf
2026,8,채소,예보,병,탄저병,고추,8호_2026 농작물 병해충 발생정보(제8호)vf.pdf
2026,8,채소,예보,병,노균병,,8호_2026 농작물 병해충 발생정보(제8호)vf.pdf
2026,8,채소,예보,병,반쪽시들음병,여름배추,8호_2026 농작물 병해충 발생정보(제8호)vf.pdf
2026,8,채소,예보,해충,담배나방,,8호_2026 농작물 병해충 발생정보(제8호)vf.pdf
2026,8,채소,예보,해충,파밤나방,,8호_2026 농작물 병해충 발생정보(제8호)vf.pdf
2026,8,채소,예보,해충,씨스트선충류,,8호_2026 농작물 병해충 발생정보(제8호)vf.pdf
2026,8,채소,예보,해충,총채벌레류,,8호_2026 농작물 병해충 발생정보(제8호)vf.pdf
2026,8,채소,예보,해충,가루이류,,8호_2026 농작물 병해충 발생정보(제8호)vf.pdf
2026,8,채소,예보,해충,진딧물류,,8호_2026 농작물 병해충 발생정보(제8호)vf.pdf
2026,8,채소,예보,해충,토마토뿔나방,,8호_2026 농작물 병해충 발생정보(제8호)vf.pdf
2026,8,채소,예보,해충,배추좀나방,여름배추,8호_2026 농작물 병해충 발생정보(제8호)vf.pdf
2026,8,채소,예보,바이러스,토마토반점위조바이러스,"토마토,고추,파프리카,상추등",8호_2026 농작물 병해충 발생정보(제8호)vf.pdf
2026,8,과수,경보,병,과수화상병,,8호_2026 농작물 병해충 발생정보(제8호)vf.pdf
2026,8,과수,주의보,병,과수가지검은마름병,,8호_2026 농작물 병해충 발생정보(제8호)vf.pdf
2026,8,과수,예보,병,세균구멍병‧잿빛무늬병,복숭아,8호_2026 농작물 병해충 발생정보(제8호)vf.pdf
2026,8,과수,예보,병,탄저병,"사과,복숭아,포도,단감",8호_2026 농작물 병해충 발생정보(제8호)vf.pdf
2026,8,과수,예보,병,검은별무늬병,,8호_2026 농작물 병해충 발생정보(제8호)vf.pdf
2026,8,과수,예보,병,"참다래(키위,다래)궤양병",,8호_2026 농작물 병해충 발생정보(제8호)vf.pdf
2026,8,과수,예보,병,포도새눈무늬병,,8호_2026 농작물 병해충 발생정보(제8호)vf.pdf
2026,8,과수,예보,해충,노린재,,8호_2026 농작물 병해충 발생정보(제8호)vf.pdf
2026,8,과수,예보,해충,복숭아순나방,,8호_2026 농작물 병해충 발생정보(제8호)vf.pdf
2026,8,과수,예보,해충,복숭아심식나방,,8호_2026 농작물 병해충 발생정보(제8호)vf.pdf
2026,8,과수,예보,해충,잎말이나방,,8호_2026 농작물 병해충 발생정보(제8호)vf.pdf
2026,8,과수,예보,해충,감꼭지나방,,8호_2026 농작물 병해충 발생정보(제8호)vf.pdf
2026,9,식량작물,예보,병,벼잎도열병,,9호_2026년 농작물 병해충 발생정보(제9호)vf.pdf
2026,9,식량작물,예보,병,잎집무늬마름병,,9호_2026년 농작물 병해충 발생정보(제9호)vf.pdf
2026,9,식량작물,예보,병,흰잎마름병,,9호_2026년 농작물 병해충 발생정보(제9호)vf.pdf
2026,9,식량작물,예보,병,감자역병,,9호_2026년 농작물 병해충 발생정보(제9호)vf.pdf
2026,9,식량작물,예보,해충,열대거세미나방,,9호_2026년 농작물 병해충 발생정보(제9호)vf.pdf
2026,9,식량작물,예보,해충,이화명나방,,9호_2026년 농작물 병해충 발생정보(제9호)vf.pdf
2026,9,식량작물,예보,해충,먹노린재,,9호_2026년 농작물 병해충 발생정보(제9호)vf.pdf
2026,9,식량작물,예보,해충,벼멸구,,9호_2026년 농작물 병해충 발생정보(제9호)vf.pdf
2026,9,식량작물,예보,해충,흰등멸구,,9호_2026년 농작물 병해충 발생정보(제9호)vf.pdf
2026,9,식량작물,예보,해충,혹명나방,,9호_2026년 농작물 병해충 발생정보(제9호)vf.pdf
2026,9,채소,예보,해충,담배나방,,9호_2026년 농작물 병해충 발생정보(제9호)vf.pdf
2026,9,채소,예보,해충,파밤나방,,9호_2026년 농작물 병해충 발생정보(제9호)vf.pdf
2026,9,채소,예보,해충,총채벌레류,,9호_2026년 농작물 병해충 발생정보(제9호)vf.pdf
2026,9,채소,예보,해충,가루이류,,9호_2026년 농작물 병해충 발생정보(제9호)vf.pdf
2026,9,채소,예보,해충,진딧물류,,9호_2026년 농작물 병해충 발생정보(제9호)vf.pdf
2026,9,채소,예보,해충,토마토뿔나방,,9호_2026년 농작물 병해충 발생정보(제9호)vf.pdf
2026,9,채소,예보,해충,(여름배추)배추좀나방,,9호_2026년 농작물 병해충 발생정보(제9호)vf.pdf
2026,9,채소,예보,해충,씨스트선충류,,9호_2026년 농작물 병해충 발생정보(제9호)vf.pdf
2026,9,채소,예보,병,바이러스,,9호_2026년 농작물 병해충 발생정보(제9호)vf.pdf
2026,9,채소,예보,병,역병,,9호_2026년 농작물 병해충 발생정보(제9호)vf.pdf
2026,9,채소,예보,병,탄저병,,9호_2026년 농작물 병해충 발생정보(제9호)vf.pdf
2026,9,채소,예보,병,(여름배추)무,,9호_2026년 농작물 병해충 발생정보(제9호)vf.pdf
2026,9,채소,예보,병,배추무름병,,9호_2026년 농작물 병해충 발생정보(제9호)vf.pdf
2026,9,채소,예보,병,뿌리혹병,,9호_2026년 농작물 병해충 발생정보(제9호)vf.pdf
2026,9,채소,예보,병,노균병,,9호_2026년 농작물 병해충 발생정보(제9호)vf.pdf
2026,9,채소,예보,병,반쪽시들음병,,9호_2026년 농작물 병해충 발생정보(제9호)vf.pdf
2026,9,채소,예보,병,검은썩음병,,9호_2026년 농작물 병해충 발생정보(제9호)vf.pdf
2026,9,채소,예보,바이러스,토마토반점위조바이러스,"토마토,고추,파프리카,상추등",9호_2026년 농작물 병해충 발생정보(제9호)vf.pdf
2026,9,채소,예보,바이러스,토마토황화잎말림바이러스,토마토,9호_2026년 농작물 병해충 발생정보(제9호)vf.pdf
2026,9,과수,경보,병,과수화상병,,9호_2026년 농작물 병해충 발생정보(제9호)vf.pdf
2026,9,과수,주의보,병,과수가지검은마름병,,9호_2026년 농작물 병해충 발생정보(제9호)vf.pdf
2026,9,과수,주의보,해충,갈색날개매미충,,9호_2026년 농작물 병해충 발생정보(제9호)vf.pdf
2026,9,과수,주의보,해충,미국선녀벌레,,9호_2026년 농작물 병해충 발생정보(제9호)vf.pdf
2026,9,과수,주의보,해충,꽃매미,,9호_2026년 농작물 병해충 발생정보(제9호)vf.pdf
2026,9,과수,예보,병,탄저병,,9호_2026년 농작물 병해충 발생정보(제9호)vf.pdf
2026,9,과수,예보,병,사과갈색무늬병,,9호_2026년 농작물 병해충 발생정보(제9호)vf.pdf
2026,9,과수,예보,병,점무늬낙엽병,,9호_2026년 농작물 병해충 발생정보(제9호)vf.pdf
2026,9,과수,예보,병,포도새눈무늬병,,9호_2026년 농작물 병해충 발생정보(제9호)vf.pdf
2026,9,과수,예보,병,갈색무늬병,,9호_2026년 농작물 병해충 발생정보(제9호)vf.pdf
2026,9,과수,예보,병,노균병,,9호_2026년 농작물 병해충 발생정보(제9호)vf.pdf
2026,9,과수,예보,해충,복숭아순나방,,9호_2026년 농작물 병해충 발생정보(제9호)vf.pdf
2026,9,과수,예보,해충,복숭아심식나방,,9호_2026년 농작물 병해충 발생정보(제9호)vf.pdf
2026,9,과수,예보,해충,응애류,,9호_2026년 농작물 병해충 발생정보(제9호)vf.pdf
2026,9,과수,예보,해충,노린재류,,9호_2026년 농작물 병해충 발생정보(제9호)vf.pdf
2026,9,과수,예보,해충,뽕나무깍지벌레,핵과류,9호_2026년 농작물 병해충 발생정보(제9호)vf.pdf
