user_id,terms_type,terms_version,agreed_at,withdrawn_at
11111111-1111-4111-8111-111111111111,TERMS,v1.0,2026-03-02T10:15:00+09:00,
11111111-1111-4111-8111-111111111111,PRIVACY,v1.0,2026-03-02T10:15:00+09:00,
11111111-1111-4111-8111-111111111111,LOCATION,v1.0,2026-03-02T10:15:00+09:00,
11111111-1111-4111-8111-111111111111,MARKETING,v1.0,2026-03-02T10:15:00+09:00,2026-07-15T08:20:00+09:00
22222222-2222-4222-8222-222222222222,TERMS,v1.1,2026-06-05T09:00:00+09:00,
22222222-2222-4222-8222-222222222222,PRIVACY,v1.0,2026-06-05T09:00:00+09:00,
22222222-2222-4222-8222-222222222222,LOCATION,v1.0,2026-06-05T09:00:00+09:00,
33333333-3333-4333-8333-333333333333,TERMS,v1.0,2026-02-20T14:30:00+09:00,
33333333-3333-4333-8333-333333333333,PRIVACY,v1.0,2026-02-20T14:30:00+09:00,
