sigungu_code,sigungu_name,reg_id,method
11010,종로구,L1100000,sido-fallback
11020,중구,L1100000,sido-fallback
11030,용산구,L1100000,sido-fallback
11040,성동구,L1100000,sido-fallback
11050,광진구,L1100000,sido-fallback
11060,동대문구,L1100000,sido-fallback
11070,중랑구,L1100000,sido-fallback
11080,성북구,L1100000,sido-fallback
11090,강북구,L1100000,sido-fallback
11100,도봉구,L1100000,sido-fallback
11110,노원구,L1100000,sido-fallback
11120,은평구,L1100000,sido-fallback
11130,서대문구,L1100000,sido-fallback
11140,마포구,L1100000,sido-fallback
11150,양천구,L1100000,sido-fallback
11160,강서구,L1100000,sido-fallback
11170,구로구,L1100000,sido-fallback
11180,금천구,L1100000,sido-fallback
11190,영등포구,L1100000,sido-fallback
11200,동작구,L1100000,sido-fallback
11210,관악구,L1100000,sido-fallback
11220,서초구,L1100000,sido-fallback
11230,강남구,L1100000,sido-fallback
11240,송파구,L1100000,sido-fallback
11250,강동구,L1100000,sido-fallback
21010,중구,L1150000,sido-fallback
21020,서구,L1150000,sido-fallback
21030,동구,L1150000,sido-fallback
21040,영도구,L1150000,sido-fallback
21050,부산진구,L1150000,sido-fallback
21060,동래구,L1150000,sido-fallback
21070,남구,L1150000,sido-fallback
21080,북구,L1150000,sido-fallback
21090,해운대구,L1150000,sido-fallback
21100,사하구,L1150000,sido-fallback
21110,금정구,L1150000,sido-fallback
21120,강서구,L1150000,sido-fallback
21130,연제구,L1150000,sido-fallback
21140,수영구,L1150000,sido-fallback
21150,사상구,L1150000,sido-fallback
21310,기장군,L1150000,sido-fallback
22010,중구,L1140000,sido-fallback
22020,동구,L1140000,sido-fallback
22030,서구,L1140000,sido-fallback
22040,남구,L1140000,sido-fallback
22050,북구,L1140000,sido-fallback
22060,수성구,L1140000,sido-fallback
22070,달서구,L1140000,sido-fallback
22310,달성군,L1140200,exact
23010,중구,L1110100,sido-fallback
23020,동구,L1110100,sido-fallback
23030,남구,L1110100,sido-fallback
23040,연수구,L1110100,sido-fallback
23050,남동구,L1110100,sido-fallback
23060,부평구,L1110100,sido-fallback
23070,계양구,L1110100,sido-fallback
23080,서구,L1110100,sido-fallback
23310,강화군,L1010900,exact
23320,옹진군,L1013600,exact
24010,동구,L1130100,sido-fallback
24020,서구,L1130100,sido-fallback
24030,남구,L1130100,sido-fallback
24040,북구,L1130100,sido-fallback
24050,광산구,L1130100,sido-fallback
25010,동구,L1120000,sido-fallback
25020,중구,L1120000,sido-fallback
25030,서구,L1120000,sido-fallback
25040,유성구,L1120000,sido-fallback
25050,대덕구,L1120000,sido-fallback
26010,중구,L1160000,sido-fallback
26020,남구,L1160000,sido-fallback
26030,동구,L1160000,sido-fallback
26040,북구,L1160000,sido-fallback
26310,울주군,L1160000,sido-fallback
29010,세종시,L1170100,sido-fallback
31011,수원시장안구,L1010000,sido-fallback
31012,수원시권선구,L1010000,sido-fallback
31013,수원시팔달구,L1010000,sido-fallback
31014,수원시영통구,L1010000,sido-fallback
31021,성남시수정구,L1010000,sido-fallback
31022,성남시중원구,L1010000,sido-fallback
31023,성남시분당구,L1010000,sido-fallback
31030,의정부시,L1011700,exact
31041,안양시만안구,L1010000,sido-fallback
31042,안양시동안구,L1010000,sido-fallback
31050,부천시,L1010600,exact
31060,광명시,L1010200,exact
31070,평택시,L1012500,exact
31080,동두천시,L1011100,exact
31091,안산시상록구,L1010000,sido-fallback
31092,안산시단원구,L1010000,sido-fallback
31101,고양시덕양구,L1010000,sido-fallback
31103,고양시일산동구,L1010000,sido-fallback
31104,고양시일산서구,L1010000,sido-fallback
31110,과천시,L1010300,exact
31120,구리시,L1012200,exact
31130,남양주시,L1012300,exact
31140,오산시,L1012400,exact
31150,시흥시,L1010500,exact
31160,군포시,L1012600,exact
31170,의왕시,L1012700,exact
31180,하남시,L1012800,exact
31191,용인시처인구,L1010000,sido-fallback
31192,용인시기흥구,L1010000,sido-fallback
31193,용인시수지구,L1010000,sido-fallback
31200,파주시,L1013700,exact
31210,이천시,L1013000,exact
31220,안성시,L1013100,exact
31230,김포시,L1010700,exact
31240,화성시,L1013200,exact
31250,광주시,L1013400,exact
31260,양주시,L1011600,exact
31270,포천시,L1011300,exact
31280,여주시,L1013900,exact
31350,연천군,L1011200,exact
31370,가평군,L1011400,exact
31380,양평군,L1014400,exact
32010,춘천시,L1021600,exact
32020,원주시,L1021200,exact
32030,강릉시,L1022500,exact
32040,동해시,L1021900,exact
32050,태백시,L1020300,exact
32060,속초시,L1022100,exact
32070,삼척시,L1022000,exact
32310,홍천군,L1022700,exact
32320,횡성군,L1021100,exact
32330,영월군,L1020800,exact
32340,평창군,L1022400,exact
32350,정선군,L1022600,exact
32360,철원군,L1021300,exact
32370,화천군,L1021400,exact
32380,양구군,L1022800,exact
32390,인제군,L1022900,exact
32400,고성군,L1082300,exact
32410,양양군,L1022300,exact
33020,충주시,L1040800,exact
33030,제천시,L1040900,exact
33041,청주시상당구,L1040000,sido-fallback
33042,청주시서원구,L1040000,sido-fallback
33043,청주시흥덕구,L1040000,sido-fallback
33044,청주시청원구,L1040000,sido-fallback
33320,보은군,L1040300,exact
33330,옥천군,L1040600,exact
33340,영동군,L1040700,exact
33350,진천군,L1041000,exact
33360,괴산군,L1040400,exact
33370,음성군,L1041100,exact
33380,단양군,L1041200,exact
33390,증평군,L1041300,exact
34011,천안시동남구,L1030000,sido-fallback
34012,천안시서북구,L1030000,sido-fallback
34020,공주시,L1030300,exact
34030,보령시,L1031900,exact
34040,아산시,L1030400,exact
34050,서산시,L1031300,exact
34060,논산시,L1030500,exact
34070,계룡시,L1031700,exact
34080,당진시,L1031200,exact
34310,금산군,L1030600,exact
34330,부여군,L1030800,exact
34340,서천군,L1031500,exact
34350,청양군,L1030900,exact
34360,홍성군,L1032000,exact
34370,예산군,L1031000,exact
34380,태안군,L1031100,exact
35011,전주시완산구,L1060000,sido-fallback
35012,전주시덕진구,L1060000,sido-fallback
35020,군산시,L1061600,exact
35030,익산시,L1061100,exact
35040,정읍시,L1061200,exact
35050,남원시,L1061400,exact
35060,김제시,L1060400,exact
35310,완주군,L1060500,exact
35320,진안군,L1060600,exact
35330,무주군,L1060700,exact
35340,장수군,L1060800,exact
35350,임실군,L1060900,exact
35360,순창군,L1061000,exact
35370,고창군,L1060100,exact
35380,부안군,L1061500,exact
36010,목포시,L1052100,exact
36020,여수시,L1051000,exact
36030,순천시,L1051200,exact
36040,나주시,L1052800,exact
36060,광양시,L1051100,exact
36310,담양군,L1050300,exact
36320,곡성군,L1052900,exact
36330,구례군,L1053000,exact
36350,고흥군,L1053100,exact
36360,보성군,L1050900,exact
36370,화순군,L1050700,exact
36380,장흥군,L1051300,exact
36390,강진군,L1051400,exact
36400,해남군,L1053200,exact
36410,영암군,L1051700,exact
36420,무안군,L1053400,exact
36430,함평군,L1051900,exact
36440,영광군,L1052700,exact
36450,장성군,L1050600,exact
36460,완도군,L1053300,exact
36470,진도군,L1052300,exact
36480,신안군,L1050000,sido-fallback
37011,포항시남구,L1070000,sido-fallback
37012,포항시북구,L1070000,sido-fallback
37020,경주시,L1073100,exact
37030,김천시,L1072600,exact
37040,안동시,L1072700,exact
37050,구미시,L1070300,exact
37060,영주시,L1071600,exact
37070,영천시,L1070400,exact
37080,상주시,L1071200,exact
37090,문경시,L1071300,exact
37100,경산시,L1070500,exact
37310,군위군,L1070200,exact
37320,의성군,L1071700,exact
37330,청송군,L1071800,exact
37340,영양군,L1072800,exact
37350,영덕군,L1072200,exact
37360,청도군,L1070700,exact
37370,고령군,L1070800,exact
37380,성주군,L1070900,exact
37390,칠곡군,L1071000,exact
37400,예천군,L1071400,exact
37410,봉화군,L1072900,exact
37420,울진군,L1073000,exact
37430,울릉군,L1070000,sido-fallback
38030,진주시,L1081400,exact
38050,통영시,L1082000,exact
38060,사천시,L1082100,exact
38070,김해시,L1080900,exact
38080,밀양시,L1081000,exact
38090,거제시,L1082200,exact
38100,양산시,L1080500,exact
38111,창원시의창구,L1080000,sido-fallback
38112,창원시성산구,L1080000,sido-fallback
38113,창원시마산합포구,L1080000,sido-fallback
38114,창원시마산회원구,L1080000,sido-fallback
38115,창원시진해구,L1080000,sido-fallback
38310,의령군,L1081100,exact
38320,함안군,L1081200,exact
38330,창녕군,L1081300,exact
38340,고성군,L1082300,exact
38350,남해군,L1082400,exact
38360,하동군,L1083000,exact
38370,산청군,L1083100,exact
38380,함양군,L1083200,exact
38390,거창군,L1083300,exact
38400,합천군,L1083400,exact
39010,제주시,L1090000,sido-fallback
39020,서귀포시,L1090000,sido-fallback
