year,stn,name,month,month_dev,cum_dev
2024,90,속초,1,,
2024,90,속초,2,,
2024,90,속초,3,35.6,86.5
2024,90,속초,4,30.1,40.2
2024,90,속초,5,11.3,23.2
2024,90,속초,6,15.8,20.1
2024,90,속초,7,18.7,19.6
2024,90,속초,8,17.6,19.0
2024,90,속초,9,15.8,18.7
2024,95,철원,1,,
2024,95,철원,2,,
2024,95,철원,3,402.7,532.2
2024,95,철원,4,74.2,93.7
2024,95,철원,5,0.9,30.7
2024,95,철원,6,8.0,19.8
2024,95,철원,7,8.0,15.5
2024,95,철원,8,17.0,15.9
2024,95,철원,9,26.9,17.1
2024,98,동두천,1,,
2024,98,동두천,2,,
2024,98,동두천,3,69.0,104.5
2024,98,동두천,4,55.9,63.7
2024,98,동두천,5,-3.4,22.8
2024,98,동두천,6,5.1,14.9
2024,98,동두천,7,5.2,11.6
2024,98,동두천,8,13.4,12.1
2024,98,동두천,9,22.0,13.2
2024,99,파주,1,,
2024,99,파주,2,,
2024,99,파주,3,91.1,118.7
2024,99,파주,4,58.2,64.9
2024,99,파주,5,-5.2,19.3
2024,99,파주,6,3.8,12.1
2024,99,파주,7,4.9,9.5
2024,99,파주,8,12.5,10.3
2024,99,파주,9,22.2,11.6
2024,101,춘천,1,,
2024,101,춘천,2,,
2024,101,춘천,3,102.6,134.1
2024,101,춘천,4,48.3,58.8
2024,101,춘천,5,-2.6,20.2
2024,101,춘천,6,4.8,13.1
2024,101,춘천,7,4.7,10.2
2024,101,춘천,8,14.7,11.3
2024,101,춘천,9,23.1,12.6
2024,102,백령도,1,,
2024,102,백령도,2,,
2024,102,백령도,3,453.7,542.1
2024,102,백령도,4,57.7,89.4
2024,102,백령도,5,1.9,30.0
2024,102,백령도,6,9.1,19.7
2024,102,백령도,7,5.9,14.4
2024,102,백령도,8,13.4,14.1
2024,102,백령도,9,18.6,14.7
2024,105,강릉,1,,
2024,105,강릉,2,,
2024,105,강릉,3,36.0,108.1
2024,105,강릉,4,34.6,50.4
2024,105,강릉,5,11.0,28.0
2024,105,강릉,6,18.0,23.9
2024,105,강릉,7,16.1,21.3
2024,105,강릉,8,17.5,20.3
2024,105,강릉,9,18.2,20.1
2024,106,동해,1,,
2024,106,동해,2,,
2024,106,동해,3,42.4,110.0
2024,106,동해,4,33.5,49.6
2024,106,동해,5,9.8,26.8
2024,106,동해,6,17.8,23.1
2024,106,동해,7,19.0,21.7
2024,106,동해,8,17.7,20.6
2024,106,동해,9,24.3,21.0
2024,108,서울,1,,
2024,108,서울,2,,
2024,108,서울,3,74.5,120.8
2024,108,서울,4,50.5,63.0
2024,108,서울,5,1.4,26.5
2024,108,서울,6,10.1,19.4
2024,108,서울,7,5.7,14.8
2024,108,서울,8,15.5,15.0
2024,108,서울,9,25.9,16.2
2024,112,인천,1,,
2024,112,인천,2,,
2024,112,인천,3,76.0,120.7
2024,112,인천,4,43.5,56.3
2024,112,인천,5,-2.2,21.1
2024,112,인천,6,8.0,15.3
2024,112,인천,7,5.6,11.9
2024,112,인천,8,15.3,12.8
2024,112,인천,9,24.1,14.2
2024,114,원주,1,,
2024,114,원주,2,,
2024,114,원주,3,129.7,190.1
2024,114,원주,4,56.8,76.3
2024,114,원주,5,4.8,32.6
2024,114,원주,6,7.8,21.6
2024,114,원주,7,6.7,16.4
2024,114,원주,8,14.1,15.8
2024,114,원주,9,29.1,17.3
2024,115,울릉도,1,,
2024,115,울릉도,2,,
2024,115,울릉도,3,98.4,207.8
2024,115,울릉도,4,41.6,71.0
2024,115,울릉도,5,4.8,31.6
2024,115,울릉도,6,17.1,25.4
2024,115,울릉도,7,15.1,21.8
2024,115,울릉도,8,16.6,20.3
2024,115,울릉도,9,25.0,20.9
2024,119,수원,1,,
2024,119,수원,2,,
2024,119,수원,3,87.6,133.0
2024,119,수원,4,42.9,57.1
2024,119,수원,5,-3.4,20.3
2024,119,수원,6,2.7,12.5
2024,119,수원,7,4.0,9.5
2024,119,수원,8,11.6,10.1
2024,119,수원,9,24.6,11.8
2024,121,영월,1,,
2024,121,영월,2,,
2024,121,영월,3,167.0,222.2
2024,121,영월,4,59.8,79.5
2024,121,영월,5,2.4,31.1
2024,121,영월,6,5.9,19.6
2024,121,영월,7,5.1,14.5
2024,121,영월,8,12.8,14.0
2024,121,영월,9,28.5,15.6
2024,127,충주,1,,
2024,127,충주,2,,
2024,127,충주,3,105.0,152.6
2024,127,충주,4,54.0,67.5
2024,127,충주,5,1.6,26.8
2024,127,충주,6,4.4,16.7
2024,127,충주,7,7.2,13.3
2024,127,충주,8,12.8,13.2
2024,127,충주,9,30.2,15.1
2024,129,서산,1,,
2024,129,서산,2,,
2024,129,서산,3,188.1,270.8
2024,129,서산,4,58.3,81.6
2024,129,서산,5,0.2,29.4
2024,129,서산,6,7.7,19.3
2024,129,서산,7,7.0,14.8
2024,129,서산,8,14.4,14.7
2024,129,서산,9,28.8,16.4
2024,130,울진,1,,
2024,130,울진,2,,
2024,130,울진,3,30.2,110.1
2024,130,울진,4,25.6,44.0
2024,130,울진,5,4.3,21.5
2024,130,울진,6,12.9,18.0
2024,130,울진,7,12.9,16.2
2024,130,울진,8,15.4,16.0
2024,130,울진,9,23.9,16.9
2024,131,청주,1,,
2024,131,청주,2,,
2024,131,청주,3,90.1,143.3
2024,131,청주,4,48.6,66.7
2024,131,청주,5,4.8,30.5
2024,131,청주,6,10.5,22.0
2024,131,청주,7,8.3,17.4
2024,131,청주,8,16.2,17.1
2024,131,청주,9,33.1,18.8
2024,133,대전,1,,
2024,133,대전,2,,
2024,133,대전,3,54.3,100.3
2024,133,대전,4,40.1,52.0
2024,133,대전,5,-0.5,21.5
2024,133,대전,6,7.1,15.4
2024,133,대전,7,5.3,12.0
2024,133,대전,8,13.2,12.3
2024,133,대전,9,31.8,14.4
2024,135,추풍령,1,,
2024,135,추풍령,2,,
2024,135,추풍령,3,62.7,104.1
2024,135,추풍령,4,38.0,48.2
2024,135,추풍령,5,-1.7,18.1
2024,135,추풍령,6,5.0,12.3
2024,135,추풍령,7,6.4,10.2
2024,135,추풍령,8,13.2,11.0
2024,135,추풍령,9,31.3,13.3
2024,136,안동,1,,
2024,136,안동,2,,
2024,136,안동,3,58.6,94.2
2024,136,안동,4,39.1,48.5
2024,136,안동,5,0.1,19.6
2024,136,안동,6,7.2,14.2
2024,136,안동,7,8.1,12.1
2024,136,안동,8,15.2,12.9
2024,136,안동,9,31.4,14.9
2024,137,상주,1,,
2024,137,상주,2,,
2024,137,상주,3,39.4,66.4
2024,137,상주,4,36.6,43.2
2024,137,상주,5,-0.8,17.7
2024,137,상주,6,6.4,13.0
2024,137,상주,7,7.6,11.2
2024,137,상주,8,13.2,11.7
2024,137,상주,9,31.2,13.8
2024,138,포항,1,,
2024,138,포항,2,556.9,855.6
2024,138,포항,3,9.1,63.0
2024,138,포항,4,19.7,33.1
2024,138,포항,5,2.6,17.4
2024,138,포항,6,11.0,14.9
2024,138,포항,7,10.0,13.3
2024,138,포항,8,10.1,12.5
2024,138,포항,9,21.4,13.5
2024,140,군산,1,,
2024,140,군산,2,,
2024,140,군산,3,93.2,173.2
2024,140,군산,4,41.7,64.2
2024,140,군산,5,-0.8,24.6
2024,140,군산,6,5.2,16.0
2024,140,군산,7,7.5,12.9
2024,140,군산,8,12.9,12.9
2024,140,군산,9,27.6,14.6
2024,143,대구,1,,
2024,143,대구,2,82900.0,100600.0
2024,143,대구,3,28.6,80.2
2024,143,대구,4,22.4,37.1
2024,143,대구,5,1.3,17.8
2024,143,대구,6,9.3,14.5
2024,143,대구,7,8.4,12.5
2024,143,대구,8,12.9,12.6
2024,143,대구,9,25.2,14.0
2024,146,전주,1,,
2024,146,전주,2,,
2024,146,전주,3,94.9,197.6
2024,146,전주,4,45.0,75.2
2024,146,전주,5,5.1,34.6
2024,146,전주,6,7.6,23.1
2024,146,전주,7,7.0,17.6
2024,146,전주,8,13.6,16.5
2024,146,전주,9,30.5,18.1
2024,152,울산,1,,
2024,152,울산,2,533.1,816.9
2024,152,울산,3,4.6,54.6
2024,152,울산,4,17.2,28.8
2024,152,울산,5,-4.4,11.5
2024,152,울산,6,5.6,9.2
2024,152,울산,7,7.7,8.7
2024,152,울산,8,9.2,8.8
2024,152,울산,9,20.3,10.1
2024,155,창원,1,,
2024,155,창원,2,316.7,506.6
2024,155,창원,3,8.7,49.9
2024,155,창원,4,22.1,31.3
2024,155,창원,5,3.3,17.0
2024,155,창원,6,7.8,13.5
2024,155,창원,7,7.6,11.6
2024,155,창원,8,12.3,11.8
2024,155,창원,9,25.6,13.4
2024,156,광주,1,,
2024,156,광주,2,1937.7,2692.5
2024,156,광주,3,34.0,106.5
2024,156,광주,4,36.0,54.9
2024,156,광주,5,4.0,27.1
2024,156,광주,6,5.8,18.4
2024,156,광주,7,4.9,13.9
2024,156,광주,8,9.7,12.9
2024,156,광주,9,25.2,14.2
2024,159,부산,1,,
2024,159,부산,2,212.3,409.5
2024,159,부산,3,11.4,75.1
2024,159,부산,4,24.0,43.3
2024,159,부산,5,5.3,25.0
2024,159,부산,6,9.7,19.4
2024,159,부산,7,7.8,15.7
2024,159,부산,8,13.9,15.3
2024,159,부산,9,25.8,16.5
2024,162,통영,1,,
2024,162,통영,2,338.1,588.4
2024,162,통영,3,15.7,77.8
2024,162,통영,4,21.9,41.2
2024,162,통영,5,5.4,23.1
2024,162,통영,6,5.4,16.4
2024,162,통영,7,4.6,12.6
2024,162,통영,8,12.7,12.6
2024,162,통영,9,25.7,14.1
2024,165,목포,1,,
2024,165,목포,2,5794.1,8158.8
2024,165,목포,3,39.3,131.5
2024,165,목포,4,28.4,53.3
2024,165,목포,5,2.8,24.8
2024,165,목포,6,5.6,16.8
2024,165,목포,7,7.1,13.5
2024,165,목포,8,9.7,12.5
2024,165,목포,9,24.7,13.9
2024,168,여수,1,,
2024,168,여수,2,532.4,877.5
2024,168,여수,3,21.9,86.6
2024,168,여수,4,26.1,45.3
2024,168,여수,5,4.4,24.0
2024,168,여수,6,7.4,17.6
2024,168,여수,7,6.1,13.9
2024,168,여수,8,13.9,13.9
2024,168,여수,9,27.0,15.4
2024,169,흑산도,1,,
2024,169,흑산도,2,1732.8,2972.1
2024,169,흑산도,3,85.7,225.8
2024,169,흑산도,4,45.6,91.4
2024,169,흑산도,5,14.0,47.0
2024,169,흑산도,6,15.6,33.4
2024,169,흑산도,7,11.5,25.6
2024,169,흑산도,8,19.2,23.8
2024,169,흑산도,9,32.6,24.9
2024,170,완도,1,,
2024,170,완도,2,1150.0,1680.5
2024,170,완도,3,39.8,133.8
2024,170,완도,4,36.3,65.0
2024,170,완도,5,10.0,35.6
2024,170,완도,6,9.6,25.2
2024,170,완도,7,10.6,20.3
2024,170,완도,8,16.7,19.4
2024,170,완도,9,28.1,20.4
2024,172,고창,1,,
2024,172,고창,2,,
2024,172,고창,3,44.7,136.7
2024,172,고창,4,35.4,55.5
2024,172,고창,5,-53.0,-10.0
2024,172,고창,6,3.8,-3.9
2024,172,고창,7,6.2,-0.4
2024,172,고창,8,9.6,2.3
2024,172,고창,9,31.7,5.5
2024,184,제주,1,182.3,182.3
2024,184,제주,2,162.1,170.2
2024,184,제주,3,23.3,76.7
2024,184,제주,4,23.7,48.2
2024,184,제주,5,5.6,29.2
2024,184,제주,6,8.3,21.9
2024,184,제주,7,12.4,18.9
2024,184,제주,8,12.6,17.3
2024,184,제주,9,25.6,18.2
2024,185,고산,1,189.8,189.8
2024,185,고산,2,178.4,183.1
2024,185,고산,3,23.3,82.3
2024,185,고산,4,25.8,52.0
2024,185,고산,5,4.6,31.0
2024,185,고산,6,2.9,20.9
2024,185,고산,7,5.6,16.1
2024,185,고산,8,9.7,14.4
2024,185,고산,9,22.5,15.4
2024,188,성산,1,410.1,410.1
2024,188,성산,2,261.9,305.7
2024,188,성산,3,18.3,97.6
2024,188,성산,4,25.2,55.6
2024,188,성산,5,4.4,31.6
2024,188,성산,6,6.5,22.5
2024,188,성산,7,10.2,18.5
2024,188,성산,8,10.7,16.5
2024,188,성산,9,23.2,17.3
2024,189,서귀포,1,53.2,53.2
2024,189,서귀포,2,71.3,63.2
2024,189,서귀포,3,0.9,30.2
2024,189,서귀포,4,19.0,25.1
2024,189,서귀포,5,3.2,16.4
2024,189,서귀포,6,4.1,12.5
2024,189,서귀포,7,7.2,10.9
2024,189,서귀포,8,11.2,11.0
2024,189,서귀포,9,20.7,12.1
2024,192,진주,1,,
2024,192,진주,2,23200.0,30933.3
2024,192,진주,3,40.7,102.9
2024,192,진주,4,30.9,48.0
2024,192,진주,5,1.6,21.8
2024,192,진주,6,5.1,14.8
2024,192,진주,7,7.3,12.3
2024,192,진주,8,12.6,12.3
2024,192,진주,9,26.7,14.0
2024,201,강화,1,,
2024,201,강화,2,,
2024,201,강화,3,212.2,268.9
2024,201,강화,4,54.3,72.9
2024,201,강화,5,0.0,25.7
2024,201,강화,6,4.1,15.6
2024,201,강화,7,5.9,12.0
2024,201,강화,8,12.4,12.1
2024,201,강화,9,20.9,13.1
2024,202,양평,1,,
2024,202,양평,2,,
2024,202,양평,3,123.1,183.7
2024,202,양평,4,53.2,71.7
2024,202,양평,5,2.8,29.4
2024,202,양평,6,4.4,18.1
2024,202,양평,7,3.9,13.1
2024,202,양평,8,12.7,13.0
2024,202,양평,9,25.3,14.4
2024,203,이천,1,,
2024,203,이천,2,,
2024,203,이천,3,109.6,154.3
2024,203,이천,4,53.9,68.3
2024,203,이천,5,3.5,28.6
2024,203,이천,6,7.9,19.3
2024,203,이천,7,6.6,14.9
2024,203,이천,8,14.6,14.8
2024,203,이천,9,28.7,16.3
2024,211,인제,1,,
2024,211,인제,2,,
2024,211,인제,3,256.5,311.2
2024,211,인제,4,58.8,77.5
2024,211,인제,5,2.0,28.2
2024,211,인제,6,10.1,19.7
2024,211,인제,7,9.8,16.1
2024,211,인제,8,19.7,17.0
2024,211,인제,9,27.4,18.2
2024,212,홍천,1,,
2024,212,홍천,2,,
2024,212,홍천,3,162.6,209.4
2024,212,홍천,4,57.8,73.4
2024,212,홍천,5,1.8,27.8
2024,212,홍천,6,5.7,17.5
2024,212,홍천,7,5.5,13.2
2024,212,홍천,8,14.0,13.4
2024,212,홍천,9,24.7,14.7
2024,216,태백,1,,
2024,216,태백,2,,
2024,216,태백,3,1086.5,1532.4
2024,216,태백,4,82.7,104.7
2024,216,태백,5,2.7,32.2
2024,216,태백,6,14.5,23.6
2024,216,태백,7,15.6,20.5
2024,216,태백,8,18.5,19.9
2024,216,태백,9,39.4,22.1
2024,217,정선군,1,,
2024,217,정선군,2,,
2024,217,정선군,3,50.4,75.4
2024,217,정선군,4,48.9,52.3
2024,217,정선군,5,-4.1,15.7
2024,217,정선군,6,5.6,11.0
2024,217,정선군,7,8.1,10.0
2024,217,정선군,8,15.5,11.5
2024,217,정선군,9,32.0,13.7
2024,221,제천,1,,
2024,221,제천,2,,
2024,221,제천,3,390.9,506.7
2024,221,제천,4,66.3,87.2
2024,221,제천,5,2.2,30.4
2024,221,제천,6,5.0,18.2
2024,221,제천,7,5.7,13.6
2024,221,제천,8,12.9,13.4
2024,221,제천,9,30.8,15.3
2024,226,보은,1,,
2024,226,보은,2,,
2024,226,보은,3,145.0,210.5
2024,226,보은,4,61.7,78.9
2024,226,보은,5,2.8,30.7
2024,226,보은,6,5.2,18.9
2024,226,보은,7,7.6,14.8
2024,226,보은,8,12.9,14.3
2024,226,보은,9,34.3,16.6
2024,232,천안,1,,
2024,232,천안,2,,
2024,232,천안,3,114.5,165.4
2024,232,천안,4,53.1,68.3
2024,232,천안,5,-2.6,24.0
2024,232,천안,6,3.1,14.6
2024,232,천안,7,4.7,11.1
2024,232,천안,8,11.7,11.3
2024,232,천안,9,29.0,13.3
2024,235,보령,1,,
2024,235,보령,2,,
2024,235,보령,3,150.1,277.0
2024,235,보령,4,56.4,87.0
2024,235,보령,5,3.8,34.8
2024,235,보령,6,6.9,21.9
2024,235,보령,7,8.2,16.9
2024,235,보령,8,14.9,16.3
2024,235,보령,9,30.3,18.0
2024,236,부여,1,,
2024,236,부여,2,,
2024,236,부여,3,102.3,163.3
2024,236,부여,4,46.7,65.7
2024,236,부여,5,0.4,25.8
2024,236,부여,6,4.0,16.1
2024,236,부여,7,5.2,12.3
2024,236,부여,8,12.3,12.3
2024,236,부여,9,29.7,14.2
2024,238,금산,1,,
2024,238,금산,2,,
2024,238,금산,3,119.9,180.8
2024,238,금산,4,51.5,69.5
2024,238,금산,5,0.9,27.0
2024,238,금산,6,5.5,17.2
2024,238,금산,7,5.9,13.2
2024,238,금산,8,15.6,13.8
2024,238,금산,9,36.0,16.3
2024,243,부안,1,,
2024,243,부안,2,,
2024,243,부안,3,119.2,232.9
2024,243,부안,4,46.0,78.2
2024,243,부안,5,4.5,33.3
2024,243,부안,6,7.9,22.1
2024,243,부안,7,7.9,17.0
2024,243,부안,8,12.9,15.9
2024,243,부안,9,28.9,17.4
2024,244,임실,1,,
2024,244,임실,2,,
2024,244,임실,3,233.9,355.3
2024,244,임실,4,67.0,100.0
2024,244,임실,5,8.3,41.5
2024,244,임실,6,5.4,24.6
2024,244,임실,7,7.7,18.4
2024,244,임실,8,13.8,17.1
2024,244,임실,9,32.8,18.9
2024,245,정읍,1,,
2024,245,정읍,2,,
2024,245,정읍,3,59.1,147.2
2024,245,정읍,4,36.2,58.3
2024,245,정읍,5,1.4,25.0
2024,245,정읍,6,5.8,16.7
2024,245,정읍,7,8.3,13.8
2024,245,정읍,8,13.3,13.7
2024,245,정읍,9,30.7,15.6
2024,247,남원,1,,
2024,247,남원,2,,
2024,247,남원,3,97.3,173.7
2024,247,남원,4,54.6,75.8
2024,247,남원,5,5.3,33.1
2024,247,남원,6,4.2,20.3
2024,247,남원,7,7.9,15.9
2024,247,남원,8,14.0,15.4
2024,247,남원,9,30.3,17.1
2024,248,장수,1,,
2024,248,장수,2,,
2024,248,장수,3,205.5,319.9
2024,248,장수,4,59.9,83.3
2024,248,장수,5,3.9,31.6
2024,248,장수,6,3.3,18.3
2024,248,장수,7,9.5,15.0
2024,248,장수,8,14.0,14.7
2024,248,장수,9,34.0,16.9
2024,252,영광군,1,,
2024,252,영광군,2,,
2024,252,영광군,3,90.3,204.2
2024,252,영광군,4,43.5,71.9
2024,252,영광군,5,-1.2,26.7
2024,252,영광군,6,2.9,16.0
2024,252,영광군,7,5.7,12.3
2024,252,영광군,8,9.2,11.4
2024,252,영광군,9,27.7,13.3
2024,253,김해시,1,,
2024,253,김해시,2,164.4,283.4
2024,253,김해시,3,-3.0,37.8
2024,253,김해시,4,18.9,25.9
2024,253,김해시,5,-4.6,10.5
2024,253,김해시,6,2.9,7.7
2024,253,김해시,7,3.5,6.4
2024,253,김해시,8,7.1,6.6
2024,253,김해시,9,25.1,8.6
2024,254,순창군,1,,
2024,254,순창군,2,13425.0,17825.0
2024,254,순창군,3,67.2,137.9
2024,254,순창군,4,50.0,66.6
2024,254,순창군,5,0.5,26.5
2024,254,순창군,6,2.2,15.8
2024,254,순창군,7,6.4,12.5
2024,254,순창군,8,11.4,12.2
2024,254,순창군,9,31.5,14.3
2024,257,양산시,1,,
2024,257,양산시,2,313.6,501.8
2024,257,양산시,3,17.7,73.9
2024,257,양산시,4,32.5,47.1
2024,257,양산시,5,1.3,23.3
2024,257,양산시,6,7.7,17.3
2024,257,양산시,7,6.9,13.9
2024,257,양산시,8,10.8,13.1
2024,257,양산시,9,27.0,14.7
2024,259,강진군,1,,
2024,259,강진군,2,800.9,1090.8
2024,259,강진군,3,45.9,117.4
2024,259,강진군,4,44.3,63.7
2024,259,강진군,5,4.6,29.7
2024,259,강진군,6,3.9,18.7
2024,259,강진군,7,8.1,15.1
2024,259,강진군,8,12.4,14.4
2024,259,강진군,9,28.4,16.0
2024,260,장흥,1,,
2024,260,장흥,2,,
2024,260,장흥,3,58.9,154.0
2024,260,장흥,4,40.0,65.1
2024,260,장흥,5,5.4,30.3
2024,260,장흥,6,6.4,20.0
2024,260,장흥,7,8.6,16.0
2024,260,장흥,8,13.4,15.3
2024,260,장흥,9,26.4,16.6
2024,261,해남,1,,
2024,261,해남,2,,
2024,261,해남,3,88.8,220.7
2024,261,해남,4,42.2,78.6
2024,261,해남,5,6.6,35.9
2024,261,해남,6,4.8,22.3
2024,261,해남,7,7.6,17.1
2024,261,해남,8,12.6,15.9
2024,261,해남,9,27.0,17.2
2024,262,고흥,1,,
2024,262,고흥,2,6200.0,8809.5
2024,262,고흥,3,59.9,178.1
2024,262,고흥,4,35.5,71.6
2024,262,고흥,5,4.5,34.2
2024,262,고흥,6,6.9,22.8
2024,262,고흥,7,10.2,18.5
2024,262,고흥,8,16.0,17.8
2024,262,고흥,9,29.1,19.1
2024,263,의령군,1,,
2024,263,의령군,2,1934.1,2656.8
2024,263,의령군,3,22.7,84.4
2024,263,의령군,4,35.9,49.5
2024,263,의령군,5,0.8,22.2
2024,263,의령군,6,8.2,16.5
2024,263,의령군,7,11.3,14.7
2024,263,의령군,8,16.9,15.3
2024,263,의령군,9,39.3,17.8
2024,264,함양군,1,,
2024,264,함양군,2,,
2024,264,함양군,3,35.6,84.8
2024,264,함양군,4,40.6,50.7
2024,264,함양군,5,1.1,21.8
2024,264,함양군,6,3.9,14.1
2024,264,함양군,7,7.5,11.8
2024,264,함양군,8,12.4,12.0
2024,264,함양군,9,34.3,14.3
2024,268,진도군,1,,
2024,268,진도군,2,3317.2,4582.8
2024,268,진도군,3,56.4,159.1
2024,268,진도군,4,34.0,62.9
2024,268,진도군,5,1.2,27.1
2024,268,진도군,6,1.3,16.0
2024,268,진도군,7,4.9,12.1
2024,268,진도군,8,8.4,11.0
2024,268,진도군,9,24.5,12.6
2024,271,봉화,1,,
2024,271,봉화,2,,
2024,271,봉화,3,457.4,610.3
2024,271,봉화,4,70.2,96.6
2024,271,봉화,5,1.9,32.9
2024,271,봉화,6,6.6,20.2
2024,271,봉화,7,10.7,16.6
2024,271,봉화,8,15.4,16.3
2024,271,봉화,9,36.1,18.5
2024,272,영주,1,,
2024,272,영주,2,,
2024,272,영주,3,99.8,137.0
2024,272,영주,4,45.5,57.8
2024,272,영주,5,-1.4,21.1
2024,272,영주,6,4.3,13.6
2024,272,영주,7,5.8,10.8
2024,272,영주,8,11.8,11.1
2024,272,영주,9,26.7,12.8
2024,273,문경,1,,
2024,273,문경,2,,
2024,273,문경,3,78.3,120.0
2024,273,문경,4,45.2,57.0
2024,273,문경,5,2.6,24.4
2024,273,문경,6,8.7,17.5
2024,273,문경,7,8.9,14.5
2024,273,문경,8,14.2,14.4
2024,273,문경,9,31.5,16.3
2024,276,청송군,1,,
2024,276,청송군,2,,
2024,276,청송군,3,57.2,108.1
2024,276,청송군,4,44.5,54.5
2024,276,청송군,5,-6.1,16.4
2024,276,청송군,6,5.9,11.6
2024,276,청송군,7,8.5,10.5
2024,276,청송군,8,14.2,11.5
2024,276,청송군,9,35.0,14.1
2024,277,영덕,1,,
2024,277,영덕,2,35000.0,42950.0
2024,277,영덕,3,22.9,87.2
2024,277,영덕,4,25.1,39.3
2024,277,영덕,5,0.0,17.1
2024,277,영덕,6,11.2,14.7
2024,277,영덕,7,10.0,13.1
2024,277,영덕,8,14.5,13.4
2024,277,영덕,9,24.8,14.7
2024,278,의성,1,,
2024,278,의성,2,,
2024,278,의성,3,116.2,181.1
2024,278,의성,4,48.8,68.2
2024,278,의성,5,3.7,28.6
2024,278,의성,6,8.2,19.4
2024,278,의성,7,8.8,15.6
2024,278,의성,8,14.5,15.3
2024,278,의성,9,32.7,17.3
2024,279,구미,1,,
2024,279,구미,2,,
2024,279,구미,3,56.0,108.8
2024,279,구미,4,34.9,51.1
2024,279,구미,5,3.3,24.0
2024,279,구미,6,8.9,17.7
2024,279,구미,7,7.4,14.2
2024,279,구미,8,14.5,14.3
2024,279,구미,9,29.2,15.9
2024,281,영천,1,,
2024,281,영천,2,,
2024,281,영천,3,59.7,116.2
2024,281,영천,4,34.9,51.1
2024,281,영천,5,0.8,21.8
2024,281,영천,6,8.6,16.2
2024,281,영천,7,7.9,13.3
2024,281,영천,8,12.5,13.1
2024,281,영천,9,28.3,14.8
2024,283,경주시,1,,
2024,283,경주시,2,4393.8,5400.0
2024,283,경주시,3,17.3,68.8
2024,283,경주시,4,30.8,40.7
2024,283,경주시,5,-1.2,16.8
2024,283,경주시,6,10.9,14.4
2024,283,경주시,7,9.1,12.6
2024,283,경주시,8,12.3,12.5
2024,283,경주시,9,28.6,14.2
2024,284,거창,1,,
2024,284,거창,2,,
2024,284,거창,3,56.4,105.9
2024,284,거창,4,36.8,48.8
2024,284,거창,5,0.1,19.7
2024,284,거창,6,3.1,12.4
2024,284,거창,7,6.3,10.2
2024,284,거창,8,13.1,11.0
2024,284,거창,9,30.6,13.2
2024,285,합천,1,,
2024,285,합천,2,26200.0,33100.0
2024,285,합천,3,44.3,106.9
2024,285,합천,4,34.3,51.9
2024,285,합천,5,5.2,25.8
2024,285,합천,6,7.0,18.0
2024,285,합천,7,9.2,15.0
2024,285,합천,8,14.9,15.0
2024,285,합천,9,29.6,16.6
2024,288,밀양,1,,
2024,288,밀양,2,4381.0,6023.8
2024,288,밀양,3,42.5,114.1
2024,288,밀양,4,37.8,57.6
2024,288,밀양,5,7.4,29.8
2024,288,밀양,6,8.7,21.1
2024,288,밀양,7,9.9,17.3
2024,288,밀양,8,15.1,16.7
2024,288,밀양,9,29.3,18.1
2024,289,산청,1,,
2024,289,산청,2,,
2024,289,산청,3,33.4,81.0
2024,289,산청,4,32.0,43.1
2024,289,산청,5,2.6,20.2
2024,289,산청,6,6.5,14.5
2024,289,산청,7,8.8,12.5
2024,289,산청,8,14.9,13.2
2024,289,산청,9,28.9,14.9
2024,294,거제,1,,
2024,294,거제,2,660.1,1073.9
2024,294,거제,3,26.5,95.5
2024,294,거제,4,26.8,48.4
2024,294,거제,5,3.6,25.0
2024,294,거제,6,5.9,17.5
2024,294,거제,7,4.7,13.3
2024,294,거제,8,10.2,12.5
2024,294,거제,9,24.7,13.9
2024,295,남해,1,,
2024,295,남해,2,817.7,1275.2
2024,295,남해,3,24.6,87.1
2024,295,남해,4,22.6,42.0
2024,295,남해,5,3.1,21.5
2024,295,남해,6,5.6,15.2
2024,295,남해,7,5.9,12.2
2024,295,남해,8,11.2,11.9
2024,295,남해,9,24.9,13.4
2025,90,속초,1,,
2025,90,속초,2,,
2025,90,속초,3,104.2,148.3
2025,90,속초,4,-0.5,26.1
2025,90,속초,5,0.9,11.3
2025,90,속초,6,21.2,15.5
2025,90,속초,7,17.9,16.4
2025,90,속초,8,16.3,16.4
2025,90,속초,9,16.2,16.3
2025,95,철원,1,,
2025,95,철원,2,,
2025,95,철원,3,743.8,743.8
2025,95,철원,4,18.8,49.7
2025,95,철원,5,-5.2,12.5
2025,95,철원,6,6.4,9.6
2025,95,철원,7,12.7,10.7
2025,95,철원,8,11.1,10.8
2025,95,철원,9,15.4,11.3
2025,98,동두천,1,,
2025,98,동두천,2,,
2025,98,동두천,3,133.5,138.7
2025,98,동두천,4,9.5,30.1
2025,98,동두천,5,-7.9,6.9
2025,98,동두천,6,3.0,5.2
2025,98,동두천,7,11.4,7.3
2025,98,동두천,8,6.7,7.2
2025,98,동두천,9,10.2,7.5
2025,99,파주,1,,
2025,99,파주,2,,
2025,99,파주,3,181.6,181.6
2025,99,파주,4,2.3,22.1
2025,99,파주,5,-10.5,0.9
2025,99,파주,6,1.0,0.9
2025,99,파주,7,9.6,4.0
2025,99,파주,8,6.6,4.7
2025,99,파주,9,12.0,5.6
2025,101,춘천,1,,
2025,101,춘천,2,,
2025,101,춘천,3,193.6,193.6
2025,101,춘천,4,14.4,36.4
2025,101,춘천,5,-8.8,8.0
2025,101,춘천,6,1.0,4.8
2025,101,춘천,7,11.3,7.1
2025,101,춘천,8,9.2,7.6
2025,101,춘천,9,12.7,8.2
2025,102,백령도,1,,
2025,102,백령도,2,,
2025,102,백령도,3,439.5,465.8
2025,102,백령도,4,-0.4,30.1
2025,102,백령도,5,-9.9,2.9
2025,102,백령도,6,0.9,1.9
2025,102,백령도,7,12.4,5.9
2025,102,백령도,8,7.6,6.4
2025,102,백령도,9,13.4,7.3
2025,105,강릉,1,,
2025,105,강릉,2,,
2025,105,강릉,3,84.2,136.0
2025,105,강릉,4,12.1,38.7
2025,105,강릉,5,3.8,18.9
2025,105,강릉,6,22.2,20.3
2025,105,강릉,7,21.9,20.8
2025,105,강릉,8,19.8,20.6
2025,105,강릉,9,20.4,20.5
2025,106,동해,1,,
2025,106,동해,2,,
2025,106,동해,3,90.6,135.2
2025,106,동해,4,8.4,35.1
2025,106,동해,5,2.3,16.3
2025,106,동해,6,20.8,18.1
2025,106,동해,7,21.0,19.1
2025,106,동해,8,16.2,18.3
2025,106,동해,9,22.5,18.8
2025,108,서울,1,,
2025,108,서울,2,,
2025,108,서울,3,133.8,145.7
2025,108,서울,4,8.6,33.1
2025,108,서울,5,-4.2,11.0
2025,108,서울,6,6.2,8.9
2025,108,서울,7,16.7,11.6
2025,108,서울,8,10.1,11.2
2025,108,서울,9,12.7,11.4
2025,112,인천,1,,
2025,112,인천,2,,
2025,112,인천,3,101.8,108.7
2025,112,인천,4,0.0,18.0
2025,112,인천,5,-4.7,4.3
2025,112,인천,6,3.3,3.9
2025,112,인천,7,14.3,7.5
2025,112,인천,8,8.2,7.7
2025,112,인천,9,12.7,8.3
2025,114,원주,1,,
2025,114,원주,2,,
2025,114,원주,3,205.7,208.1
2025,114,원주,4,14.4,42.7
2025,114,원주,5,-4.2,14.0
2025,114,원주,6,7.3,11.1
2025,114,원주,7,12.7,11.6
2025,114,원주,8,9.9,11.2
2025,114,원주,9,15.7,11.7
2025,115,울릉도,1,,
2025,115,울릉도,2,,
2025,115,울릉도,3,139.4,210.1
2025,115,울릉도,4,13.2,48.1
2025,115,울릉도,5,0.8,19.9
2025,115,울릉도,6,18.3,19.2
2025,115,울릉도,7,21.9,20.2
2025,115,울릉도,8,17.7,19.5
2025,115,울릉도,9,23.1,19.9
2025,119,수원,1,,
2025,119,수원,2,,
2025,119,수원,3,146.9,150.7
2025,119,수원,4,3.9,27.0
2025,119,수원,5,-8.1,5.7
2025,119,수원,6,2.5,4.3
2025,119,수원,7,11.3,6.7
2025,119,수원,8,6.2,6.6
2025,119,수원,9,9.3,6.9
2025,121,영월,1,,
2025,121,영월,2,,
2025,121,영월,3,189.4,189.4
2025,121,영월,4,18.0,38.8
2025,121,영월,5,-6.4,10.5
2025,121,영월,6,5.3,8.1
2025,121,영월,7,12.2,9.6
2025,121,영월,8,9.3,9.5
2025,121,영월,9,16.1,10.2
2025,127,충주,1,,
2025,127,충주,2,,
2025,127,충주,3,186.6,189.0
2025,127,충주,4,16.6,40.1
2025,127,충주,5,-5.5,12.0
2025,127,충주,6,6.5,9.5
2025,127,충주,7,10.4,9.8
2025,127,충주,8,8.4,9.4
2025,127,충주,9,16.7,10.2
2025,129,서산,1,,
2025,129,서산,2,,
2025,129,서산,3,222.2,236.7
2025,129,서산,4,6.8,32.0
2025,129,서산,5,-4.8,8.4
2025,129,서산,6,4.2,6.5
2025,129,서산,7,14.2,9.3
2025,129,서산,8,8.2,9.0
2025,129,서산,9,13.7,9.5
2025,130,울진,1,,
2025,130,울진,2,,
2025,130,울진,3,73.7,106.9
2025,130,울진,4,9.0,30.4
2025,130,울진,5,0.2,13.3
2025,130,울진,6,17.8,15.2
2025,130,울진,7,19.6,16.7
2025,130,울진,8,16.6,16.7
2025,130,울진,9,20.2,17.1
2025,131,청주,1,,
2025,131,청주,2,,
2025,131,청주,3,131.5,145.4
2025,131,청주,4,19.7,43.8
2025,131,청주,5,-2.4,16.8
2025,131,청주,6,9.4,13.6
2025,131,청주,7,15.0,14.1
2025,131,청주,8,11.6,13.4
2025,131,청주,9,18.3,14.0
2025,133,대전,1,,
2025,133,대전,2,,
2025,133,대전,3,121.3,139.5
2025,133,대전,4,18.3,42.3
2025,133,대전,5,-4.1,15.3
2025,133,대전,6,7.7,12.1
2025,133,대전,7,12.8,12.3
2025,133,대전,8,10.3,11.8
2025,133,대전,9,14.8,12.1
2025,135,추풍령,1,,
2025,135,추풍령,2,,
2025,135,추풍령,3,151.2,159.8
2025,135,추풍령,4,13.1,35.7
2025,135,추풍령,5,-9.5,8.4
2025,135,추풍령,6,7.3,7.9
2025,135,추풍령,7,8.2,8.0
2025,135,추풍령,8,8.9,8.2
2025,135,추풍령,9,16.5,9.1
2025,136,안동,1,,
2025,136,안동,2,,
2025,136,안동,3,121.6,132.8
2025,136,안동,4,11.9,32.5
2025,136,안동,5,-6.5,9.2
2025,136,안동,6,9.7,9.4
2025,136,안동,7,11.4,10.1
2025,136,안동,8,11.6,10.5
2025,136,안동,9,17.4,11.3
2025,137,상주,1,,
2025,137,상주,2,,
2025,137,상주,3,78.9,89.2
2025,137,상주,4,14.7,31.2
2025,137,상주,5,-9.4,7.7
2025,137,상주,6,7.3,7.5
2025,137,상주,7,10.8,8.6
2025,137,상주,8,11.2,9.3
2025,137,상주,9,17.8,10.2
2025,138,포항,1,,
2025,138,포항,2,206.2,380.0
2025,138,포항,3,30.7,53.0
2025,138,포항,4,5.6,20.2
2025,138,포항,5,-5.9,6.7
2025,138,포항,6,14.7,9.8
2025,138,포항,7,11.5,10.3
2025,138,포항,8,12.4,10.9
2025,138,포항,9,13.9,11.2
2025,140,군산,1,,
2025,140,군산,2,,
2025,140,군산,3,131.9,142.0
2025,140,군산,4,8.6,31.4
2025,140,군산,5,-4.7,9.4
2025,140,군산,6,6.0,7.9
2025,140,군산,7,11.5,9.2
2025,140,군산,8,6.1,8.3
2025,140,군산,9,12.6,8.8
2025,143,대구,1,,
2025,143,대구,2,20900.0,22600.0
2025,143,대구,3,55.2,66.8
2025,143,대구,4,6.0,21.4
2025,143,대구,5,-6.2,6.6
2025,143,대구,6,10.1,8.0
2025,143,대구,7,9.8,8.6
2025,143,대구,8,10.3,9.0
2025,143,대구,9,14.1,9.6
2025,146,전주,1,,
2025,146,전주,2,,
2025,146,전주,3,148.2,168.5
2025,146,전주,4,18.6,48.2
2025,146,전주,5,0.6,20.7
2025,146,전주,6,9.5,15.9
2025,146,전주,7,13.1,15.0
2025,146,전주,8,9.0,13.4
2025,146,전주,9,14.9,13.6
2025,152,울산,1,,
2025,152,울산,2,139.2,287.2
2025,152,울산,3,25.3,41.4
2025,152,울산,4,0.4,13.1
2025,152,울산,5,-10.3,0.9
2025,152,울산,6,8.9,4.0
2025,152,울산,7,7.9,5.3
2025,152,울산,8,8.0,6.0
2025,152,울산,9,14.3,6.9
2025,155,창원,1,,
2025,155,창원,2,30.7,121.5
2025,155,창원,3,23.0,31.2
2025,155,창원,4,6.1,14.4
2025,155,창원,5,-5.9,4.1
2025,155,창원,6,8.3,5.7
2025,155,창원,7,11.5,7.5
2025,155,창원,8,7.8,7.6
2025,155,창원,9,13.5,8.3
2025,156,광주,1,,
2025,156,광주,2,300.0,471.7
2025,156,광주,3,67.0,78.1
2025,156,광주,4,15.2,32.0
2025,156,광주,5,-4.2,12.2
2025,156,광주,6,5.2,9.4
2025,156,광주,7,10.5,9.7
2025,156,광주,8,5.6,8.7
2025,156,광주,9,10.6,8.9
2025,159,부산,1,,
2025,159,부산,2,-13.4,120.1
2025,159,부산,3,13.3,30.4
2025,159,부산,4,1.6,12.5
2025,159,부산,5,-4.3,4.4
2025,159,부산,6,7.4,5.5
2025,159,부산,7,16.6,9.0
2025,159,부산,8,10.3,9.3
2025,159,부산,9,18.4,10.4
2025,162,통영,1,,
2025,162,통영,2,-11.6,112.9
2025,162,통영,3,16.9,27.3
2025,162,통영,4,3.7,11.9
2025,162,통영,5,-7.3,2.2
2025,162,통영,6,3.9,2.8
2025,162,통영,7,14.2,6.5
2025,162,통영,8,6.3,6.5
2025,162,통영,9,15.4,7.5
2025,165,목포,1,,
2025,165,목포,2,805.9,905.9
2025,165,목포,3,64.6,74.1
2025,165,목포,4,4.8,21.6
2025,165,목포,5,-5.1,6.5
2025,165,목포,6,5.5,6.1
2025,165,목포,7,13.1,8.5
2025,165,목포,8,6.7,8.0
2025,165,목포,9,14.2,8.7
2025,168,여수,1,,
2025,168,여수,2,65.4,248.9
2025,168,여수,3,20.1,37.4
2025,168,여수,4,4.1,14.7
2025,168,여수,5,-6.9,3.4
2025,168,여수,6,6.0,4.4
2025,168,여수,7,13.5,7.4
2025,168,여수,8,8.0,7.5
2025,168,여수,9,14.5,8.3
2025,169,흑산도,1,,
2025,169,흑산도,2,575.4,1672.1
2025,169,흑산도,3,105.9,181.9
2025,169,흑산도,4,16.7,58.7
2025,169,흑산도,5,2.7,26.6
2025,169,흑산도,6,6.4,17.9
2025,169,흑산도,7,19.4,18.4
2025,169,흑산도,8,16.2,17.8
2025,169,흑산도,9,24.5,18.6
2025,170,완도,1,,
2025,170,완도,2,105.1,325.4
2025,170,완도,3,41.4,57.6
2025,170,완도,4,15.3,27.8
2025,170,완도,5,0.7,13.3
2025,170,완도,6,11.2,12.5
2025,170,완도,7,17.4,14.1
2025,170,완도,8,10.5,13.2
2025,170,완도,9,19.7,13.9
2025,172,고창,1,,
2025,172,고창,2,,
2025,172,고창,3,92.1,99.5
2025,172,고창,4,2.5,21.8
2025,172,고창,5,-10.5,2.3
2025,172,고창,6,5.5,3.7
2025,172,고창,7,10.3,6.0
2025,172,고창,8,4.3,5.6
2025,172,고창,9,17.8,6.9
2025,184,제주,1,92.5,92.5
2025,184,제주,2,-30.2,19.0
2025,184,제주,3,35.2,29.3
2025,184,제주,4,11.3,19.6
2025,184,제주,5,-1.7,10.1
2025,184,제주,6,9.2,9.8
2025,184,제주,7,9.7,9.8
2025,184,제주,8,10.9,10.1
2025,184,제주,9,22.6,11.4
2025,185,고산,1,100.4,100.4
2025,185,고산,2,-24.9,27.1
2025,185,고산,3,18.7,21.8
2025,185,고산,4,4.7,12.7
2025,185,고산,5,-5.7,4.5
2025,185,고산,6,3.0,4.0
2025,185,고산,7,12.8,6.8
2025,185,고산,8,6.0,6.6
2025,185,고산,9,18.2,7.9
2025,188,성산,1,174.0,174.0
2025,188,성산,2,-15.4,40.6
2025,188,성산,3,29.9,32.9
2025,188,성산,4,7.8,18.3
2025,188,성산,5,-3.0,8.3
2025,188,성산,6,7.4,8.0
2025,188,성산,7,10.5,8.8
2025,188,성산,8,8.8,8.8
2025,188,성산,9,18.9,10.0
2025,189,서귀포,1,15.4,15.4
2025,189,서귀포,2,-38.9,-14.4
2025,189,서귀포,3,9.3,-1.9
2025,189,서귀포,4,4.4,1.0
2025,189,서귀포,5,-4.9,-1.3
2025,189,서귀포,6,7.2,1.4
2025,189,서귀포,7,14.1,5.1
2025,189,서귀포,8,8.6,5.9
2025,189,서귀포,9,18.3,7.3
2025,192,진주,1,,
2025,192,진주,2,4100.0,4100.0
2025,192,진주,3,52.8,60.9
2025,192,진주,4,6.5,19.5
2025,192,진주,5,-7.9,4.0
2025,192,진주,6,4.3,4.1
2025,192,진주,7,8.4,5.6
2025,192,진주,8,3.5,5.1
2025,192,진주,9,16.0,6.3
2025,201,강화,1,,
2025,201,강화,2,,
2025,201,강화,3,271.6,271.6
2025,201,강화,4,1.8,25.3
2025,201,강화,5,-4.7,5.8
2025,201,강화,6,2.7,4.4
2025,201,강화,7,11.5,7.0
2025,201,강화,8,7.0,7.0
2025,201,강화,9,11.7,7.6
2025,202,양평,1,,
2025,202,양평,2,,
2025,202,양평,3,205.8,207.2
2025,202,양평,4,15.7,42.7
2025,202,양평,5,-5.3,13.2
2025,202,양평,6,5.1,9.5
2025,202,양평,7,10.1,9.7
2025,202,양평,8,8.0,9.3
2025,202,양평,9,12.5,9.7
2025,203,이천,1,,
2025,203,이천,2,,
2025,203,이천,3,187.4,188.1
2025,203,이천,4,17.9,42.3
2025,203,이천,5,-4.5,13.6
2025,203,이천,6,8.4,11.3
2025,203,이천,7,12.9,11.8
2025,203,이천,8,10.4,11.5
2025,203,이천,9,15.2,11.9
2025,211,인제,1,,
2025,211,인제,2,,
2025,211,인제,3,357.9,357.9
2025,211,인제,4,18.0,43.2
2025,211,인제,5,-8.2,9.6
2025,211,인제,6,7.1,8.4
2025,211,인제,7,8.1,8.3
2025,211,인제,8,11.2,9.1
2025,211,인제,9,11.9,9.4
2025,212,홍천,1,,
2025,212,홍천,2,,
2025,212,홍천,3,283.2,283.2
2025,212,홍천,4,20.3,47.4
2025,212,홍천,5,-5.5,13.7
2025,212,홍천,6,6.5,10.3
2025,212,홍천,7,10.9,10.5
2025,212,홍천,8,9.0,10.1
2025,212,홍천,9,13.6,10.5
2025,216,태백,1,,
2025,216,태백,2,,
2025,216,태백,3,2981.1,3005.4
2025,216,태백,4,42.8,87.8
2025,216,태백,5,-6.3,20.9
2025,216,태백,6,20.1,20.5
2025,216,태백,7,18.2,19.6
2025,216,태백,8,17.9,19.1
2025,216,태백,9,25.0,19.8
2025,217,정선군,1,,
2025,217,정선군,2,,
2025,217,정선군,3,158.0,158.0
2025,217,정선군,4,21.0,38.5
2025,217,정선군,5,-14.5,4.1
2025,217,정선군,6,6.2,5.0
2025,217,정선군,7,13.9,8.2
2025,217,정선군,8,12.3,9.3
2025,217,정선군,9,19.6,10.4
2025,221,제천,1,,
2025,221,제천,2,,
2025,221,제천,3,707.3,707.3
2025,221,제천,4,18.8,51.4
2025,221,제천,5,-6.8,12.5
2025,221,제천,6,6.1,9.4
2025,221,제천,7,10.7,9.9
2025,221,제천,8,7.3,9.2
2025,221,제천,9,16.0,9.9
2025,226,보은,1,,
2025,226,보은,2,,
2025,226,보은,3,242.9,254.4
2025,226,보은,4,20.7,47.6
2025,226,보은,5,-4.4,14.6
2025,226,보은,6,8.3,11.7
2025,226,보은,7,9.7,11.0
2025,226,보은,8,8.4,10.3
2025,226,보은,9,18.1,11.2
2025,232,천안,1,,
2025,232,천안,2,,
2025,232,천안,3,189.7,198.3
2025,232,천안,4,14.8,39.7
2025,232,천안,5,-8.5,9.6
2025,232,천안,6,4.1,7.1
2025,232,천안,7,8.8,7.7
2025,232,천안,8,5.9,7.2
2025,232,천안,9,13.6,7.9
2025,235,보령,1,,
2025,235,보령,2,,
2025,235,보령,3,214.0,227.7
2025,235,보령,4,13.1,42.9
2025,235,보령,5,-0.5,15.6
2025,235,보령,6,7.7,12.0
2025,235,보령,7,15.9,13.4
2025,235,보령,8,9.2,12.2
2025,235,보령,9,15.5,12.6
2025,236,부여,1,,
2025,236,부여,2,,
2025,236,부여,3,125.6,135.3
2025,236,부여,4,12.3,32.4
2025,236,부여,5,-6.4,8.6
2025,236,부여,6,3.9,6.5
2025,236,부여,7,10.2,7.8
2025,236,부여,8,6.8,7.6
2025,236,부여,9,12.9,8.2
2025,238,금산,1,,
2025,238,금산,2,,
2025,238,금산,3,203.9,213.6
2025,238,금산,4,27.6,53.5
2025,238,금산,5,-0.8,19.8
2025,238,금산,6,9.7,15.2
2025,238,금산,7,11.9,14.0
2025,238,금산,8,9.3,12.8
2025,238,금산,9,18.3,13.4
2025,243,부안,1,,
2025,243,부안,2,,
2025,243,부안,3,185.7,200.5
2025,243,부안,4,20.6,51.6
2025,243,부안,5,0.3,20.4
2025,243,부안,6,9.1,15.4
2025,243,부안,7,12.0,14.2
2025,243,부안,8,6.4,12.1
2025,243,부안,9,13.9,12.3
2025,244,임실,1,,
2025,244,임실,2,,
2025,244,임실,3,313.0,324.0
2025,244,임실,4,29.7,63.3
2025,244,임실,5,1.8,24.1
2025,244,임실,6,7.9,16.5
2025,244,임실,7,10.5,14.3
2025,244,임실,8,7.5,12.5
2025,244,임실,9,17.9,13.1
2025,245,정읍,1,,
2025,245,정읍,2,,
2025,245,정읍,3,112.6,125.6
2025,245,정읍,4,9.1,32.3
2025,245,정읍,5,-4.4,10.8
2025,245,정읍,6,7.4,9.4
2025,245,정읍,7,12.5,10.5
2025,245,정읍,8,7.5,9.7
2025,245,정읍,9,15.2,10.3
2025,247,남원,1,,
2025,247,남원,2,,
2025,247,남원,3,135.0,145.2
2025,247,남원,4,22.3,44.2
2025,247,남원,5,-2.5,15.9
2025,247,남원,6,6.8,11.9
2025,247,남원,7,11.6,11.8
2025,247,남원,8,7.6,10.7
2025,247,남원,9,15.1,11.2
2025,248,장수,1,,
2025,248,장수,2,,
2025,248,장수,3,377.4,381.3
2025,248,장수,4,24.4,56.4
2025,248,장수,5,-3.7,17.3
2025,248,장수,6,7.6,12.8
2025,248,장수,7,10.0,11.8
2025,248,장수,8,8.8,10.9
2025,248,장수,9,19.5,11.9
2025,252,영광군,1,,
2025,252,영광군,2,,
2025,252,영광군,3,158.3,168.6
2025,252,영광군,4,17.0,43.8
2025,252,영광군,5,-5.7,13.2
2025,252,영광군,6,5.4,9.7
2025,252,영광군,7,10.3,9.9
2025,252,영광군,8,4.3,8.4
2025,252,영광군,9,15.0,9.1
2025,253,김해시,1,,
2025,253,김해시,2,-29.9,9.6
2025,253,김해시,3,7.7,8.0
2025,253,김해시,4,4.2,5.6
2025,253,김해시,5,-12.8,-3.7
2025,253,김해시,6,-4.8,-4.1
2025,253,김해시,7,7.8,-0.4
2025,253,김해시,8,3.3,0.5
2025,253,김해시,9,13.1,1.9
2025,254,순창군,1,,
2025,254,순창군,2,2300.0,2300.0
2025,254,순창군,3,112.2,120.9
2025,254,순창군,4,15.3,35.2
2025,254,순창군,5,-7.8,9.1
2025,254,순창군,6,3.3,6.5
2025,254,순창군,7,10.6,8.0
2025,254,순창군,8,5.0,7.2
2025,254,순창군,9,14.8,8.0
2025,257,양산시,1,,
2025,257,양산시,2,-31.0,14.2
2025,257,양산시,3,14.6,14.6
2025,257,양산시,4,11.1,12.3
2025,257,양산시,5,-8.9,1.3
2025,257,양산시,6,4.9,2.7
2025,257,양산시,7,9.0,4.7
2025,257,양산시,8,5.7,5.0
2025,257,양산시,9,18.2,6.4
2025,259,강진군,1,,
2025,259,강진군,2,40.4,63.3
2025,259,강진군,3,63.2,63.2
2025,259,강진군,4,17.7,29.7
2025,259,강진군,5,-4.1,10.3
2025,259,강진군,6,6.1,8.5
2025,259,강진군,7,13.2,10.1
2025,259,강진군,8,7.4,9.4
2025,259,강진군,9,21.2,10.7
2025,260,장흥,1,,
2025,260,장흥,2,,
2025,260,장흥,3,74.7,83.0
2025,260,장흥,4,8.9,25.3
2025,260,장흥,5,-2.2,9.2
2025,260,장흥,6,8.3,8.9
2025,260,장흥,7,12.4,10.1
2025,260,장흥,8,8.2,9.6
2025,260,장흥,9,20.0,10.8
2025,261,해남,1,,
2025,261,해남,2,,
2025,261,해남,3,92.9,102.4
2025,261,해남,4,9.4,28.4
2025,261,해남,5,-3.7,9.4
2025,261,해남,6,6.9,8.3
2025,261,해남,7,12.4,9.7
2025,261,해남,8,7.6,9.2
2025,261,해남,9,19.9,10.4
2025,262,고흥,1,,
2025,262,고흥,2,442.9,652.4
2025,262,고흥,3,48.4,56.5
2025,262,고흥,4,6.5,19.2
2025,262,고흥,5,-1.9,7.4
2025,262,고흥,6,9.8,8.4
2025,262,고흥,7,14.4,10.5
2025,262,고흥,8,10.5,10.5
2025,262,고흥,9,22.2,11.9
2025,263,의령군,1,,
2025,263,의령군,2,381.8,381.8
2025,263,의령군,3,49.0,56.8
2025,263,의령군,4,20.6,30.8
2025,263,의령군,5,-9.3,8.3
2025,263,의령군,6,0.4,5.0
2025,263,의령군,7,4.8,5.0
2025,263,의령군,8,5.2,5.0
2025,263,의령군,9,18.3,6.4
2025,264,함양군,1,,
2025,264,함양군,2,,
2025,264,함양군,3,62.9,67.9
2025,264,함양군,4,15.1,27.2
2025,264,함양군,5,-6.0,7.9
2025,264,함양군,6,6.0,7.0
2025,264,함양군,7,7.6,7.2
2025,264,함양군,8,7.0,7.2
2025,264,함양군,9,20.8,8.6
2025,268,진도군,1,,
2025,268,진도군,2,265.5,275.9
2025,268,진도군,3,65.8,70.6
2025,268,진도군,4,3.3,18.9
2025,268,진도군,5,-6.8,4.0
2025,268,진도군,6,2.1,3.2
2025,268,진도군,7,9.1,5.3
2025,268,진도군,8,3.8,4.9
2025,268,진도군,9,15.3,6.1
2025,271,봉화,1,,
2025,271,봉화,2,,
2025,271,봉화,3,644.5,644.5
2025,271,봉화,4,16.4,47.1
2025,271,봉화,5,-7.9,10.1
2025,271,봉화,6,10.6,10.3
2025,271,봉화,7,12.7,11.2
2025,271,봉화,8,12.1,11.5
2025,271,봉화,9,19.3,12.4
2025,272,영주,1,,
2025,272,영주,2,,
2025,272,영주,3,183.3,192.6
2025,272,영주,4,10.7,35.0
2025,272,영주,5,-8.8,7.9
2025,272,영주,6,6.8,7.4
2025,272,영주,7,9.7,8.2
2025,272,영주,8,7.9,8.1
2025,272,영주,9,14.1,8.8
2025,273,문경,1,,
2025,273,문경,2,,
2025,273,문경,3,158.2,170.4
2025,273,문경,4,16.0,40.4
2025,273,문경,5,-6.2,12.5
2025,273,문경,6,10.3,11.5
2025,273,문경,7,11.7,11.6
2025,273,문경,8,11.9,11.7
2025,273,문경,9,18.7,12.5
2025,276,청송군,1,,
2025,276,청송군,2,,
2025,276,청송군,3,131.4,141.4
2025,276,청송군,4,18.9,38.1
2025,276,청송군,5,-5.9,10.4
2025,276,청송군,6,14.3,12.1
2025,276,청송군,7,11.3,11.9
2025,276,청송군,8,12.5,12.0
2025,276,청송군,9,24.6,13.4
2025,277,영덕,1,,
2025,277,영덕,2,15200.0,18200.0
2025,277,영덕,3,67.5,94.7
2025,277,영덕,4,5.9,26.1
2025,277,영덕,5,-6.3,7.8
2025,277,영덕,6,16.4,11.4
2025,277,영덕,7,11.3,11.4
2025,277,영덕,8,14.2,12.1
2025,277,영덕,9,19.8,13.0
2025,278,의성,1,,
2025,278,의성,2,,
2025,278,의성,3,185.7,198.0
2025,278,의성,4,24.0,49.4
2025,278,의성,5,1.1,19.8
2025,278,의성,6,12.9,16.7
2025,278,의성,7,10.7,14.5
2025,278,의성,8,12.4,14.0
2025,278,의성,9,19.7,14.6
2025,279,구미,1,,
2025,279,구미,2,,
2025,279,구미,3,83.6,94.8
2025,279,구미,4,16.4,33.6
2025,279,구미,5,-1.1,13.9
2025,279,구미,6,12.3,13.2
2025,279,구미,7,12.9,13.1
2025,279,구미,8,13.8,13.3
2025,279,구미,9,18.5,13.9
2025,281,영천,1,,
2025,281,영천,2,,
2025,281,영천,3,104.0,118.0
2025,281,영천,4,14.1,34.9
2025,281,영천,5,-5.6,11.3
2025,281,영천,6,12.0,11.6
2025,281,영천,7,8.7,10.6
2025,281,영천,8,10.3,10.5
2025,281,영천,9,17.4,11.3
2025,283,경주시,1,,
2025,283,경주시,2,1356.2,1356.2
2025,283,경주시,3,54.8,67.2
2025,283,경주시,4,15.2,28.8
2025,283,경주시,5,-8.0,7.8
2025,283,경주시,6,12.7,9.8
2025,283,경주시,7,9.1,9.6
2025,283,경주시,8,9.9,9.7
2025,283,경주시,9,20.4,10.8
2025,284,거창,1,,
2025,284,거창,2,,
2025,284,거창,3,105.5,113.3
2025,284,거창,4,13.6,30.9
2025,284,거창,5,-4.6,9.7
2025,284,거창,6,9.2,9.5
2025,284,거창,7,9.4,9.4
2025,284,거창,8,11.1,9.9
2025,284,거창,9,21.4,11.2
2025,285,합천,1,,
2025,285,합천,2,5866.7,6100.0
2025,285,합천,3,73.7,85.1
2025,285,합천,4,16.4,33.0
2025,285,합천,5,-3.2,12.8
2025,285,합천,6,8.2,10.9
2025,285,합천,7,10.1,10.6
2025,285,합천,8,10.2,10.5
2025,285,합천,9,17.5,11.3
2025,288,밀양,1,,
2025,288,밀양,2,695.2,771.4
2025,288,밀양,3,60.1,68.6
2025,288,밀양,4,18.7,31.6
2025,288,밀양,5,-0.5,13.8
2025,288,밀양,6,11.8,13.0
2025,288,밀양,7,13.6,13.2
2025,288,밀양,8,12.7,13.1
2025,288,밀양,9,21.5,14.0
2025,289,산청,1,,
2025,289,산청,2,,
2025,289,산청,3,62.1,71.6
2025,289,산청,4,10.3,24.2
2025,289,산청,5,-4.9,7.8
2025,289,산청,6,7.1,7.5
2025,289,산청,7,10.3,8.5
2025,289,산청,8,8.3,8.4
2025,289,산청,9,17.3,9.4
2025,294,거제,1,,
2025,294,거제,2,37.9,141.2
2025,294,거제,3,26.2,33.7
2025,294,거제,4,2.8,12.5
2025,294,거제,5,-6.5,2.6
2025,294,거제,6,6.4,4.1
2025,294,거제,7,10.0,6.0
2025,294,거제,8,5.9,6.0
2025,294,거제,9,15.8,7.1
2025,295,남해,1,,
2025,295,남해,2,105.3,173.5
2025,295,남해,3,31.2,38.3
2025,295,남해,4,9.3,18.0
2025,295,남해,5,-5.8,5.5
2025,295,남해,6,5.7,5.6
2025,295,남해,7,9.4,6.8
2025,295,남해,8,5.4,6.5
2025,295,남해,9,15.0,7.4
